disposition_ref_number,source,case_ref_number,customer_ref_number,disposition,contact_type,sub_disposition_label,sub_disposition,comment,created_at,promised_amount,followup_datetime,address_ref_number,is_true_visit,location_lat,location_lng
DRN_KRAM_0018,AUTODIALER,CR_005_VIKRAM,CT_IKRAM,HUNG_UP,NC,,,,2023-11-12T10:49:00,0,,ADR_5_01,,,
DRN_KRAM_0174,AUTODIALER,CR_005_VIKRAM,CT_IKRAM,HUNG_UP,NC,,,,2023-11-14T10:46:00,0,,ADR_5_01,,,
DRN_KRAM_0133,AUTODIALER,CR_005_VIKRAM,CT_IKRAM,WN,NC,,,,2023-11-17T09:56:00,0,,ADR_5_00,,,
DRN_KRAM_0146,AUTODIALER,CR_005_VIKRAM,CT_IKRAM,RNR,NC,RNR Reason,Customer Disconnected,,2023-11-21T10:09:00,0,,ADR_5_01,,,
DRN_KRAM_0122,FIELD,CR_005_VIKRAM,CT_IKRAM,ANF,NC,,,,2023-11-23T14:11:00,0,,ADR_5_00,1.0,13.083652463028649,80.2709307215977
DRN_KRAM_0015,AUTODIALER,CR_005_VIKRAM,CT_IKRAM,HUNG_UP,NC,,,,2023-11-26T11:13:00,0,,ADR_5_01,,,
DRN_KRAM_0177,AUTODIALER,CR_005_VIKRAM,CT_IKRAM,NC,NC,NC Reason,Number busy,,2023-11-27T19:18:00,0,,ADR_5_01,,,
DRN_KRAM_0032,AUTODIALER,CR_005_VIKRAM,CT_IKRAM,NC,NC,NC Reason,Out of Service,,2023-12-03T14:30:00,0,,ADR_5_01,,,
DRN_KRAM_0079,AUTODIALER,CR_005_VIKRAM,CT_IKRAM,NC,NC,NC Reason,Auto Disconnect,,2023-12-03T16:57:00,0,,ADR_5_00,,,
DRN_KRAM_0164,AUTODIALER,CR_005_VIKRAM,CT_IKRAM,WN,NC,,,,2023-12-04T09:43:00,0,,ADR_5_01,,,
DRN_KRAM_0183,VOICEBOT,CR_005_VIKRAM,CT_IKRAM,BPTP,RPC,,,,2023-12-06T19:03:00,0,,ADR_5_01,,,
DRN_KRAM_0117,FIELD,CR_005_VIKRAM,CT_IKRAM,NOT_PRESENT,NC,,,,2023-12-09T09:02:00,0,,ADR_5_01,1.0,13.08309489361784,80.27113174628859
DRN_OOJA_0007,FIELD,CR_010_POOJA,CT_POOJA,RTP,RPC,,,Customer refused to pay,2023-12-13T15:34:00,0,,ADR_10_00,1.0,26.912130897096258,75.78713753224355
DRN_KRAM_0169,FIELD,CR_005_VIKRAM,CT_IKRAM,ANF,NC,,,,2023-12-17T18:10:00,0,,ADR_5_00,1.0,13.08361988996386,80.27161100285322
DRN_RJUN_0005,AUTODIALER,CR_007_ARJUN,CT_ARJUN,TPC,TPC,Party Contacted,Brother,Spoke to family member,2023-12-20T13:50:00,0,,ADR_7_00,,,
DRN_KRAM_0023,VOICEBOT,CR_005_VIKRAM,CT_IKRAM,RNR,NC,RNR Reason,No Answer,,2023-12-22T17:17:00,0,,ADR_5_00,,,
DRN_OOJA_0025,VOICEBOT,CR_010_POOJA,CT_POOJA,PTP,RPC,Payment Mode,Casa Debit,Customer not responsive,2023-12-27T15:04:00,0,2024-01-01T00:00:00,ADR_10_00,,,
DRN_KRAM_0064,AUTODIALER,CR_005_VIKRAM,CT_IKRAM,RNR,NC,RNR Reason,Customer Disconnected,,2023-12-29T19:21:00,0,,ADR_5_00,,,
DRN_RJUN_0001,TELECALLING,CR_007_ARJUN,CT_ARJUN,PTP,RPC,Payment Mode,Casa Debit,"Spoke briefly, busy",2023-12-30T16:32:00,0,2024-01-02T00:00:00,ADR_7_00,,,
DRN_RJUN_0006,AUTODIALER,CR_007_ARJUN,CT_ARJUN,RNR,NC,RNR Reason,Customer Disconnected,,2023-12-31T19:55:00,0,,ADR_7_00,,,
DRN_KRAM_0108,TELECALLING,CR_005_VIKRAM,CT_IKRAM,RNR,NC,RNR Reason,No Answer,,2024-01-06T19:29:00,0,,ADR_5_00,,,
DRN_KRAM_0033,VOICEBOT,CR_005_VIKRAM,CT_IKRAM,RNR,NC,RNR Reason,Customer Disconnected,,2024-01-09T13:42:00,0,,ADR_5_01,,,
DRN_OOJA_0024,VOICEBOT,CR_010_POOJA,CT_POOJA,RNR,NC,RNR Reason,No Answer,,2024-01-13T12:22:00,0,,ADR_10_00,,,
DRN_KRAM_0179,TELECALLING,CR_005_VIKRAM,CT_IKRAM,NC,NC,NC Reason,Number busy,,2024-01-16T16:38:00,0,,ADR_5_00,,,
DRN_KRAM_0011,AUTODIALER,CR_005_VIKRAM,CT_IKRAM,NC,NC,NC Reason,Switch off,,2024-01-20T17:52:00,0,,ADR_5_01,,,
DRN_KRAM_0157,VOICEBOT,CR_005_VIKRAM,CT_IKRAM,TPC,TPC,Party Contacted,Brother,Spoke to family member,2024-01-21T16:10:00,0,,ADR_5_01,,,
DRN_OOJA_0017,TELECALLING,CR_010_POOJA,CT_POOJA,NC,NC,NC Reason,Auto Disconnect,,2024-01-24T14:20:00,0,,ADR_10_00,,,
DRN_KRAM_0198,FIELD,CR_005_VIKRAM,CT_IKRAM,PARTIAL_PAID,RPC,,,Customer paid partial amount,2024-02-04T11:15:00,0,,ADR_5_00,1.0,13.08282294664197,80.27054924453252
DRN_KRAM_0168,TELECALLING,CR_005_VIKRAM,CT_IKRAM,PTP,RPC,Payment Mode,Online,"Door was locked, neighbours unaware",2024-02-14T17:00:00,0,2024-02-21T00:00:00,ADR_5_00,,,
DRN_OOJA_0056,TELECALLING,CR_010_POOJA,CT_POOJA,WN,NC,,,,2024-02-19T15:45:00,0,,ADR_10_00,,,
DRN_KRAM_0058,VOICEBOT,CR_005_VIKRAM,CT_IKRAM,DOUBTFUL,RPC,,,"Customer evasive, gave vague answers about payment",2024-02-24T13:27:00,0,,ADR_5_00,,,
DRN_KRAM_0078,TELECALLING,CR_005_VIKRAM,CT_IKRAM,HUNG_UP,NC,,,,2024-02-28T09:54:00,0,,ADR_5_01,,,
DRN_OOJA_0036,AUTODIALER,CR_010_POOJA,CT_POOJA,RNR,NC,RNR Reason,Customer Disconnected,,2024-03-05T09:54:00,0,,ADR_10_00,,,
DRN_KRAM_0069,AUTODIALER,CR_005_VIKRAM,CT_IKRAM,HUNG_UP,NC,,,,2024-03-07T12:41:00,0,,ADR_5_00,,,
DRN_KRAM_0124,AUTODIALER,CR_005_VIKRAM,CT_IKRAM,PTP,RPC,Payment Mode,Casa Debit,"Spoke briefly, busy",2024-03-09T13:23:00,0,2024-03-13T00:00:00,ADR_5_00,,,
DRN_KRAM_0139,AUTODIALER,CR_005_VIKRAM,CT_IKRAM,TPC,TPC,Party Contacted,Spouse,Spoke to family member,2024-03-13T17:01:00,0,,ADR_5_00,,,
DRN_KRAM_0098,AUTODIALER,CR_005_VIKRAM,CT_IKRAM,CB,RPC,,,Will call back,2024-03-14T11:25:00,0,,ADR_5_01,,,
DRN_OOJA_0022,AUTODIALER,CR_010_POOJA,CT_POOJA,WN,NC,,,,2024-03-14T16:11:00,0,,ADR_10_00,,,
DRN_KRAM_0171,TELECALLING,CR_005_VIKRAM,CT_IKRAM,WN,NC,,,,2024-03-15T13:54:00,0,,ADR_5_01,,,
DRN_KRAM_0199,AUTODIALER,CR_005_VIKRAM,CT_IKRAM,NC,NC,NC Reason,Not Reachable,,2024-03-16T18:24:00,0,,ADR_5_01,,,
DRN_OOJA_0027,FIELD,CR_010_POOJA,CT_POOJA,NOT_PRESENT,NC,,,,2024-03-17T12:20:00,0,,ADR_10_00,1.0,26.911803720718325,75.78810529464788
DRN_OOJA_0053,AUTODIALER,CR_010_POOJA,CT_POOJA,WN,NC,,,,2024-03-18T17:21:00,0,,ADR_10_00,,,
DRN_KRAM_0089,VOICEBOT,CR_005_VIKRAM,CT_IKRAM,WN,NC,,,,2024-03-19T13:51:00,0,,ADR_5_01,,,
DRN_KRAM_0054,VOICEBOT,CR_005_VIKRAM,CT_IKRAM,NC,NC,NC Reason,Not Reachable,,2024-03-19T17:01:00,0,,ADR_5_01,,,
DRN_KRAM_0013,TELECALLING,CR_005_VIKRAM,CT_IKRAM,RNR,NC,RNR Reason,No Answer,,2024-03-19T19:47:00,0,,ADR_5_00,,,
DRN_OOJA_0034,AUTODIALER,CR_010_POOJA,CT_POOJA,BPTP,RPC,,,,2024-03-22T14:27:00,0,,ADR_10_00,,,
DRN_KRAM_0081,AUTODIALER,CR_005_VIKRAM,CT_IKRAM,CB,RPC,,,Will call back,2024-03-24T09:23:00,0,,ADR_5_00,,,
DRN_KRAM_0104,TELECALLING,CR_005_VIKRAM,CT_IKRAM,PTP,RPC,Payment Mode,Online,Will call back,2024-03-25T18:03:00,0,2024-03-29T00:00:00,ADR_5_00,,,
DRN_KRAM_0184,AUTODIALER,CR_005_VIKRAM,CT_IKRAM,RNR,NC,RNR Reason,Customer Disconnected,,2024-03-28T11:33:00,0,,ADR_5_01,,,
DRN_KRAM_0074,AUTODIALER,CR_005_VIKRAM,CT_IKRAM,WN,NC,,,,2024-03-28T17:03:00,0,,ADR_5_01,,,
DRN_OOJA_0028,FIELD,CR_010_POOJA,CT_POOJA,DL,NC,,,,2024-03-28T17:53:00,0,,ADR_10_00,1.0,26.911449076375057,75.78822298625992
DRN_KRAM_0131,AUTODIALER,CR_005_VIKRAM,CT_IKRAM,WN,NC,,,,2024-04-01T15:19:00,0,,ADR_5_01,,,
DRN_KRAM_0031,AUTODIALER,CR_005_VIKRAM,CT_IKRAM,FPTP,RPC,Payment Mode,Online,,2024-04-02T14:06:00,0,2024-04-12T00:00:00,ADR_5_00,,,
DRN_KRAM_0137,AUTODIALER,CR_005_VIKRAM,CT_IKRAM,PTP,RPC,Payment Mode,Casa Debit,"Door was locked, neighbours unaware",2024-04-04T11:31:00,0,2024-04-08T00:00:00,ADR_5_00,,,
DRN_OOJA_0041,VOICEBOT,CR_010_POOJA,CT_POOJA,RNR,NC,RNR Reason,No Answer,,2024-04-08T09:10:00,0,,ADR_10_00,,,
DRN_RJUN_0012,FIELD,CR_007_ARJUN,CT_ARJUN,PTP,RPC,Payment Mode,Online,Mother said son not home,2024-04-09T09:19:00,0,2024-04-14T00:00:00,ADR_7_00,1.0,17.38433156056649,78.48551797224843
DRN_KRAM_0035,FIELD,CR_005_VIKRAM,CT_IKRAM,DL,NC,,,,2024-04-10T15:01:00,0,,ADR_5_01,1.0,13.082128057472824,80.27087069339055
DRN_KRAM_0123,FIELD,CR_005_VIKRAM,CT_IKRAM,DL,NC,,,,2024-04-13T09:50:00,0,,ADR_5_00,1.0,13.083426117063041,80.27084978413797
DRN_KRAM_0080,AUTODIALER,CR_005_VIKRAM,CT_IKRAM,TPC,TPC,Party Contacted,Spouse,Spoke to family member,2024-04-18T12:19:00,0,,ADR_5_00,,,
DRN_OOJA_0055,FIELD,CR_010_POOJA,CT_POOJA,NOT_PRESENT,NC,,,,2024-04-25T12:27:00,0,,ADR_10_00,1.0,26.9117289004351,75.78709654922247
DRN_KRAM_0059,AUTODIALER,CR_005_VIKRAM,CT_IKRAM,RNR,NC,RNR Reason,Customer Disconnected,,2024-04-27T15:15:00,0,,ADR_5_01,,,
DRN_KRAM_0094,VOICEBOT,CR_005_VIKRAM,CT_IKRAM,RNR,NC,RNR Reason,Customer Disconnected,,2024-05-03T10:13:00,0,,ADR_5_01,,,
DRN_OOJA_0011,TELECALLING,CR_010_POOJA,CT_POOJA,HUNG_UP,NC,,,,2024-05-04T14:06:00,0,,ADR_10_00,,,
DRN_KRAM_0047,TELECALLING,CR_005_VIKRAM,CT_IKRAM,UTP,RPC,UTP Reason,Medical Issue,,2024-05-04T17:33:00,0,,ADR_5_01,,,
DRN_KRAM_0165,VOICEBOT,CR_005_VIKRAM,CT_IKRAM,CB,RPC,,,Will call back,2024-05-07T19:03:00,0,,ADR_5_00,,,
DRN_VITA_0085,AUTODIALER,CR_008_KAVITA,CT_AVITA,NC,NC,NC Reason,Not Reachable,,2024-05-15T11:31:00,0,,ADR_8_00,,,
DRN_KRAM_0012,TELECALLING,CR_005_VIKRAM,CT_IKRAM,RNR,NC,RNR Reason,No Answer,,2024-05-15T17:06:00,0,,ADR_5_01,,,
DRN_VITA_0109,FIELD,CR_008_KAVITA,CT_AVITA,DL,NC,,,,2024-05-16T10:52:00,0,,ADR_8_00,1.0,22.572732654745252,88.36463149270607
DRN_VITA_0038,AUTODIALER,CR_008_KAVITA,CT_AVITA,NC,NC,NC Reason,Out of Service,,2024-05-16T14:06:00,0,,ADR_8_00,,,
DRN_KRAM_0105,VOICEBOT,CR_005_VIKRAM,CT_IKRAM,FPTP,RPC,Payment Mode,Online,,2024-05-16T18:59:00,0,2024-05-29T00:00:00,ADR_5_01,,,
DRN_KRAM_0102,AUTODIALER,CR_005_VIKRAM,CT_IKRAM,TPC,TPC,Party Contacted,Spouse,Spoke to family member,2024-05-17T09:01:00,0,,ADR_5_00,,,
DRN_KRAM_0014,AUTODIALER,CR_005_VIKRAM,CT_IKRAM,WN,NC,,,,2024-05-21T14:22:00,0,,ADR_5_01,,,
DRN_KRAM_0158,AUTODIALER,CR_005_VIKRAM,CT_IKRAM,TPC,TPC,Party Contacted,Spouse,Spoke to family member,2024-05-23T11:19:00,0,,ADR_5_00,,,
DRN_KRAM_0185,AUTODIALER,CR_005_VIKRAM,CT_IKRAM,RTP,RPC,,,Refused to pay,2024-05-29T16:31:00,0,,ADR_5_00,,,
DRN_VITA_0015,AUTODIALER,CR_008_KAVITA,CT_AVITA,NC,NC,NC Reason,Out of Service,,2024-05-30T13:45:00,0,,ADR_8_00,,,
DRN_VITA_0037,TELECALLING,CR_008_KAVITA,CT_AVITA,PTP,RPC,Payment Mode,Casa Debit,Asked for time,2024-06-06T12:44:00,0,2024-06-12T00:00:00,ADR_8_00,,,
DRN_KRAM_0020,TELECALLING,CR_005_VIKRAM,CT_IKRAM,NC,NC,NC Reason,Switch off,,2024-06-06T14:13:00,0,,ADR_5_00,,,
DRN_NITA_0001,FIELD,CR_004_SUNITA,CT_UNITA,PTP,RPC,Payment Mode,Pick-up,Promised to pay next week,2024-06-10T18:19:00,0,2024-06-15T00:00:00,ADR_4_00,1.0,12.972722484095705,77.5997541870075
DRN_KRAM_0046,AUTODIALER,CR_005_VIKRAM,CT_IKRAM,WN,NC,,,,2024-06-12T12:07:00,0,,ADR_5_00,,,
DRN_VITA_0012,TELECALLING,CR_008_KAVITA,CT_AVITA,TPC,TPC,Party Contacted,Mother,Spoke to family member,2024-06-16T14:36:00,0,,ADR_8_00,,,
DRN_KRAM_0134,AUTODIALER,CR_005_VIKRAM,CT_IKRAM,CB,RPC,,,Will call back,2024-06-17T10:41:00,0,,ADR_5_01,,,
DRN_KRAM_0101,FIELD,CR_005_VIKRAM,CT_IKRAM,ANF,NC,,,,2024-06-17T11:05:00,0,,ADR_5_00,1.0,13.081758117167206,80.27129679360695
DRN_VITA_0064,TELECALLING,CR_008_KAVITA,CT_AVITA,CB,RPC,,,Will call back,2024-06-17T12:18:00,0,,ADR_8_00,,,
DRN_OOJA_0035,AUTODIALER,CR_010_POOJA,CT_POOJA,HUNG_UP,NC,,,,2024-06-17T17:00:00,0,,ADR_10_00,,,
DRN_KRAM_0090,TELECALLING,CR_005_VIKRAM,CT_IKRAM,WN,NC,,,,2024-06-19T19:33:00,0,,ADR_5_00,,,
DRN_KRAM_0010,TELECALLING,CR_005_VIKRAM,CT_IKRAM,HUNG_UP,NC,,,,2024-06-21T15:33:00,0,,ADR_5_00,,,
DRN_OOJA_0052,AUTODIALER,CR_010_POOJA,CT_POOJA,NC,NC,NC Reason,Auto Disconnect,,2024-06-21T18:38:00,0,,ADR_10_00,,,
DRN_VITA_0051,FIELD,CR_008_KAVITA,CT_AVITA,DL,NC,,,,2024-06-21T18:47:00,0,,ADR_8_00,1.0,22.571737641851733,88.36393769906036
DRN_OOJA_0047,AUTODIALER,CR_010_POOJA,CT_POOJA,NC,NC,NC Reason,Number busy,,2024-06-25T16:22:00,0,,ADR_10_00,,,
DRN_OOJA_0045,AUTODIALER,CR_010_POOJA,CT_POOJA,WN,NC,,,,2024-06-26T17:07:00,0,,ADR_10_00,,,
DRN_KRAM_0152,TELECALLING,CR_005_VIKRAM,CT_IKRAM,WN,NC,,,,2024-06-30T14:37:00,0,,ADR_5_00,,,
DRN_KRAM_0040,TELECALLING,CR_005_VIKRAM,CT_IKRAM,WN,NC,,,,2024-07-01T16:38:00,0,,ADR_5_00,,,
DRN_RJUN_0015,VOICEBOT,CR_007_ARJUN,CT_ARJUN,WN,NC,,,,2024-07-01T19:27:00,0,,ADR_7_00,,,
DRN_VITA_0116,AUTODIALER,CR_008_KAVITA,CT_AVITA,PTP,RPC,Payment Mode,Online,"Door was locked, neighbours unaware",2024-07-03T19:10:00,0,2024-07-07T00:00:00,ADR_8_00,,,
DRN_KRAM_0051,AUTODIALER,CR_005_VIKRAM,CT_IKRAM,NC,NC,NC Reason,Switch off,,2024-07-04T19:43:00,0,,ADR_5_00,,,
DRN_RJUN_0011,AUTODIALER,CR_007_ARJUN,CT_ARJUN,PTP,RPC,Payment Mode,Online,Mother said son not home,2024-07-05T17:51:00,0,2024-07-09T00:00:00,ADR_7_00,,,
DRN_VITA_0029,AUTODIALER,CR_008_KAVITA,CT_AVITA,DOUBTFUL,RPC,,,Did not give straight answer on payment date,2024-07-05T18:37:00,0,,ADR_8_00,,,
DRN_VITA_0021,FIELD,CR_008_KAVITA,CT_AVITA,LB,RPC,,,Could not communicate,2024-07-07T09:06:00,0,,ADR_8_00,1.0,22.572198579356648,88.36464166380806
DRN_VITA_0016,AUTODIALER,CR_008_KAVITA,CT_AVITA,FPTP,RPC,Payment Mode,Online,,2024-07-07T16:48:00,0,2024-07-28T00:00:00,ADR_8_00,,,
DRN_VITA_0105,AUTODIALER,CR_008_KAVITA,CT_AVITA,WN,NC,,,,2024-07-08T13:52:00,0,,ADR_8_00,,,
DRN_VITA_0004,TELECALLING,CR_008_KAVITA,CT_AVITA,WN,NC,,,,2024-07-11T15:43:00,0,,ADR_8_00,,,
DRN_VITA_0046,AUTODIALER,CR_008_KAVITA,CT_AVITA,RNR,NC,RNR Reason,Customer Disconnected,,2024-07-12T15:32:00,0,,ADR_8_00,,,
DRN_KRAM_0110,FIELD,CR_005_VIKRAM,CT_IKRAM,NOT_PRESENT,NC,,,,2024-07-13T11:10:00,0,,ADR_5_00,1.0,13.083690681330301,80.27149713428409
DRN_KRAM_0132,TELECALLING,CR_005_VIKRAM,CT_IKRAM,HUNG_UP,NC,,,,2024-07-15T13:47:00,0,,ADR_5_01,,,
DRN_KRAM_0039,TELECALLING,CR_005_VIKRAM,CT_IKRAM,NC,NC,NC Reason,Not Reachable,,2024-07-17T11:25:00,0,,ADR_5_00,,,
DRN_VITA_0011,AUTODIALER,CR_008_KAVITA,CT_AVITA,PTP,RPC,Payment Mode,Online,Says cash flow issue this month,2024-07-22T15:37:00,0,2024-07-28T00:00:00,ADR_8_00,,,
DRN_OOJA_0030,TELECALLING,CR_010_POOJA,CT_POOJA,HUNG_UP,NC,,,,2024-07-23T14:01:00,0,,ADR_10_00,,,
DRN_KRAM_0113,FIELD,CR_005_VIKRAM,CT_IKRAM,OS,NC,,,,2024-07-24T10:42:00,0,,ADR_5_00,1.0,13.082758523331744,80.27125085609966
DRN_VITA_0110,TELECALLING,CR_008_KAVITA,CT_AVITA,HUNG_UP,NC,,,,2024-07-24T16:02:00,0,,ADR_8_00,,,
DRN_VITA_0023,AUTODIALER,CR_008_KAVITA,CT_AVITA,WN,NC,,,,2024-07-25T10:31:00,0,,ADR_8_00,,,
DRN_VITA_0120,TELECALLING,CR_008_KAVITA,CT_AVITA,PTP,RPC,Payment Mode,Casa Debit,Promised to pay next week,2024-07-26T09:34:00,0,2024-07-30T00:00:00,ADR_8_00,,,
DRN_VITA_0074,AUTODIALER,CR_008_KAVITA,CT_AVITA,HUNG_UP,NC,,,,2024-07-27T09:05:00,0,,ADR_8_00,,,
DRN_VITA_0072,FIELD,CR_008_KAVITA,CT_AVITA,NOT_PRESENT,NC,,,,2024-07-31T10:15:00,0,,ADR_8_00,1.0,22.573371093238265,88.36411666456297
DRN_VITA_0044,VOICEBOT,CR_008_KAVITA,CT_AVITA,WN,NC,,,,2024-07-31T15:16:00,0,,ADR_8_00,,,
DRN_KRAM_0125,AUTODIALER,CR_005_VIKRAM,CT_IKRAM,PTP,RPC,Payment Mode,Casa Debit,Says NACH should have worked,2024-08-05T18:48:00,0,2024-08-12T00:00:00,ADR_5_00,,,
DRN_KRAM_0027,AUTODIALER,CR_005_VIKRAM,CT_IKRAM,TPC,TPC,Party Contacted,Mother,Spoke to family member,2024-08-07T17:01:00,0,,ADR_5_01,,,
DRN_KRAM_0044,TELECALLING,CR_005_VIKRAM,CT_IKRAM,PTP,RPC,Payment Mode,Online,"Door was locked, neighbours unaware",2024-08-07T17:39:00,0,2024-08-09T00:00:00,ADR_5_01,,,
DRN_KRAM_0045,TELECALLING,CR_005_VIKRAM,CT_IKRAM,HUNG_UP,NC,,,,2024-08-10T16:25:00,0,,ADR_5_00,,,
DRN_VITA_0002,FIELD,CR_008_KAVITA,CT_AVITA,UTP,RPC,UTP Reason,Loss of income,Mother said son not home,2024-08-11T18:59:00,0,,ADR_8_00,1.0,22.572468837626655,88.36401629665399
DRN_KRAM_0112,AUTODIALER,CR_005_VIKRAM,CT_IKRAM,TPC,TPC,Party Contacted,Spouse,Spoke to family member,2024-08-14T11:59:00,0,,ADR_5_01,,,
DRN_OOJA_0033,AUTODIALER,CR_010_POOJA,CT_POOJA,RNR,NC,RNR Reason,No Answer,,2024-08-15T10:11:00,0,,ADR_10_00,,,
DRN_KRAM_0085,FIELD,CR_005_VIKRAM,CT_IKRAM,ANF,NC,,,,2024-08-15T13:26:00,0,,ADR_5_01,1.0,13.082222146258362,80.27082420641067
DRN_KRAM_0190,AUTODIALER,CR_005_VIKRAM,CT_IKRAM,UTP,RPC,UTP Reason,Loss of income,,2024-08-18T09:13:00,0,,ADR_5_00,,,
DRN_KRAM_0019,TELECALLING,CR_005_VIKRAM,CT_IKRAM,TPC,TPC,Party Contacted,Brother,Spoke to family member,2024-08-20T10:23:00,0,,ADR_5_00,,,
DRN_OOJA_0006,FIELD,CR_010_POOJA,CT_POOJA,OS,NC,,,,2024-08-25T09:37:00,0,,ADR_10_00,1.0,26.9116843590405,75.78788145452985
DRN_VITA_0063,FIELD,CR_008_KAVITA,CT_AVITA,NOT_PRESENT,NC,,,,2024-08-25T13:18:00,0,,ADR_8_00,1.0,22.572543645012043,88.36290109928392
DRN_KRAM_0195,FIELD,CR_005_VIKRAM,CT_IKRAM,OS,NC,,,,2024-08-27T09:01:00,0,,ADR_5_00,1.0,13.082555629166428,80.27144163336548
DRN_KRAM_0022,FIELD,CR_005_VIKRAM,CT_IKRAM,PTP,RPC,Payment Mode,Online,"Door was locked, neighbours unaware",2024-08-28T12:18:00,0,2024-08-31T00:00:00,ADR_5_01,1.0,13.083955996028537,80.2707876933883
DRN_KRAM_0144,FIELD,CR_005_VIKRAM,CT_IKRAM,PTP,RPC,Payment Mode,Casa Debit,Says NACH should have worked,2024-08-29T15:09:00,0,2024-08-31T00:00:00,ADR_5_01,1.0,13.082668986732209,80.27046362207477
DRN_KRAM_0148,TELECALLING,CR_005_VIKRAM,CT_IKRAM,WN,NC,,,,2024-08-31T18:32:00,0,,ADR_5_01,,,
DRN_KRAM_0061,AUTODIALER,CR_005_VIKRAM,CT_IKRAM,PTP,RPC,Payment Mode,Online,"Door was locked, neighbours unaware",2024-09-01T09:04:00,0,2024-09-03T00:00:00,ADR_5_00,,,
DRN_OOJA_0016,AUTODIALER,CR_010_POOJA,CT_POOJA,UTP,RPC,UTP Reason,Medical Issue,,2024-09-01T13:28:00,0,,ADR_10_00,,,
DRN_KRAM_0003,TELECALLING,CR_005_VIKRAM,CT_IKRAM,TPC,TPC,Party Contacted,Mother,Spoke to family member,2024-09-03T15:35:00,0,,ADR_5_00,,,
DRN_VITA_0067,AUTODIALER,CR_008_KAVITA,CT_AVITA,FPTP,RPC,Payment Mode,Online,,2024-09-03T16:57:00,0,2024-09-30T00:00:00,ADR_8_00,,,
DRN_KRAM_0025,AUTODIALER,CR_005_VIKRAM,CT_IKRAM,HUNG_UP,NC,,,,2024-09-04T19:16:00,0,,ADR_5_00,,,
DRN_KRAM_0091,TELECALLING,CR_005_VIKRAM,CT_IKRAM,TPC,TPC,Party Contacted,Brother,Spoke to family member,2024-09-06T18:24:00,0,,ADR_5_00,,,
DRN_VITA_0084,AUTODIALER,CR_008_KAVITA,CT_AVITA,TPC,TPC,Party Contacted,Mother,Spoke to family member,2024-09-09T15:26:00,0,,ADR_8_00,,,
DRN_OOJA_0026,AUTODIALER,CR_010_POOJA,CT_POOJA,RTP,RPC,,,Refused to pay,2024-09-13T11:12:00,0,,ADR_10_00,,,
DRN_VITA_0071,VOICEBOT,CR_008_KAVITA,CT_AVITA,NC,NC,NC Reason,Out of Service,,2024-09-14T15:58:00,0,,ADR_8_00,,,
DRN_KRAM_0188,TELECALLING,CR_005_VIKRAM,CT_IKRAM,TPC,TPC,Party Contacted,Father,Spoke to family member,2024-09-15T10:18:00,0,,ADR_5_00,,,
DRN_RJUN_0009,FIELD,CR_007_ARJUN,CT_ARJUN,PAID,RPC,,,,2024-09-15T12:28:00,0,,ADR_7_00,1.0,17.384738768616966,78.48694568647092
DRN_VITA_0026,TELECALLING,CR_008_KAVITA,CT_AVITA,UTP,RPC,UTP Reason,Unexpected Family Expense,,2024-09-16T15:58:00,0,,ADR_8_00,,,
DRN_OOJA_0015,AUTODIALER,CR_010_POOJA,CT_POOJA,WN,NC,,,,2024-09-18T15:54:00,0,,ADR_10_00,,,
DRN_KRAM_0017,FIELD,CR_005_VIKRAM,CT_IKRAM,NOT_PRESENT,NC,,,,2024-09-19T19:24:00,0,,ADR_5_00,1.0,13.083496673793832,80.27149763114502
DRN_VITA_0100,FIELD,CR_008_KAVITA,CT_AVITA,PAID,RPC,,,,2024-09-20T10:16:00,0,,ADR_8_00,1.0,22.572506735568723,88.36396060491298
DRN_KRAM_0153,TELECALLING,CR_005_VIKRAM,CT_IKRAM,TPC,TPC,Party Contacted,Father,Spoke to family member,2024-09-21T19:11:00,0,,ADR_5_00,,,
DRN_KRAM_0135,AUTODIALER,CR_005_VIKRAM,CT_IKRAM,RNR,NC,RNR Reason,Customer Disconnected,,2024-09-24T10:11:00,0,,ADR_5_01,,,
DRN_VITA_0017,AUTODIALER,CR_008_KAVITA,CT_AVITA,PTP,RPC,Payment Mode,Online,No commitment given,2024-09-26T11:13:00,0,2024-10-03T00:00:00,ADR_8_00,,,
DRN_VITA_0027,FIELD,CR_008_KAVITA,CT_AVITA,NOT_PRESENT,NC,,,,2024-09-27T09:45:00,0,,ADR_8_00,1.0,22.572207904652274,88.36470496069094
DRN_KRAM_0042,FIELD,CR_005_VIKRAM,CT_IKRAM,NOT_PRESENT,NC,,,,2024-09-27T12:59:00,0,,ADR_5_00,1.0,13.081776131201783,80.26979736166004
DRN_OOJA_0003,AUTODIALER,CR_010_POOJA,CT_POOJA,WN,NC,,,,2024-10-02T13:25:00,0,,ADR_10_00,,,
DRN_KRAM_0106,FIELD,CR_005_VIKRAM,CT_IKRAM,DL,NC,,,,2024-10-03T16:06:00,0,,ADR_5_01,1.0,13.082322759145457,80.26984431065027
DRN_OOJA_0060,AUTODIALER,CR_010_POOJA,CT_POOJA,HUNG_UP,NC,,,,2024-10-04T14:47:00,0,,ADR_10_00,,,
DRN_OOJA_0014,TELECALLING,CR_010_POOJA,CT_POOJA,NC,NC,NC Reason,Auto Disconnect,,2024-10-04T17:54:00,0,,ADR_10_00,,,
DRN_KRAM_0191,AUTODIALER,CR_005_VIKRAM,CT_IKRAM,RNR,NC,RNR Reason,No Answer,,2024-10-10T19:18:00,0,,ADR_5_00,,,
DRN_VITA_0009,AUTODIALER,CR_008_KAVITA,CT_AVITA,HUNG_UP,NC,,,,2024-10-12T13:05:00,0,,ADR_8_00,,,
DRN_KRAM_0160,VOICEBOT,CR_005_VIKRAM,CT_IKRAM,PTP,RPC,Payment Mode,Casa Debit,Customer travelling,2024-10-12T15:27:00,0,2024-10-19T00:00:00,ADR_5_00,,,
DRN_KRAM_0138,FIELD,CR_005_VIKRAM,CT_IKRAM,PARTIAL_PAID,RPC,,,Customer paid partial amount,2024-10-17T17:56:00,0,,ADR_5_00,1.0,13.08224355646917,80.27132505631957
DRN_VITA_0062,TELECALLING,CR_008_KAVITA,CT_AVITA,WN,NC,,,,2024-10-18T19:35:00,0,,ADR_8_00,,,
DRN_KRAM_0095,AUTODIALER,CR_005_VIKRAM,CT_IKRAM,HUNG_UP,NC,,,,2024-10-21T15:42:00,0,,ADR_5_00,,,
DRN_KRAM_0057,AUTODIALER,CR_005_VIKRAM,CT_IKRAM,RNR,NC,RNR Reason,Customer Disconnected,,2024-10-26T17:44:00,0,,ADR_5_00,,,
DRN_VITA_0049,FIELD,CR_008_KAVITA,CT_AVITA,DL,NC,,,,2024-10-27T19:46:00,0,,ADR_8_00,1.0,22.573591182035376,88.3643568845212
DRN_VITA_0065,TELECALLING,CR_008_KAVITA,CT_AVITA,FPTP,RPC,Payment Mode,Online,,2024-10-29T10:18:00,0,2024-11-05T00:00:00,ADR_8_00,,,
DRN_KRAM_0119,TELECALLING,CR_005_VIKRAM,CT_IKRAM,WN,NC,,,,2024-11-01T14:23:00,0,,ADR_5_00,,,
DRN_VITA_0083,AUTODIALER,CR_008_KAVITA,CT_AVITA,PTP,RPC,Payment Mode,Online,Says NACH should have worked,2024-11-05T19:43:00,0,2024-11-08T00:00:00,ADR_8_00,,,
DRN_VITA_0082,VOICEBOT,CR_008_KAVITA,CT_AVITA,NC,NC,NC Reason,Not Reachable,,2024-11-06T18:17:00,0,,ADR_8_00,,,
DRN_KRAM_0136,AUTODIALER,CR_005_VIKRAM,CT_IKRAM,NC,NC,NC Reason,Number busy,,2024-11-09T14:56:00,0,,ADR_5_01,,,
DRN_VITA_0092,FIELD,CR_008_KAVITA,CT_AVITA,DL,NC,,,,2024-11-13T15:36:00,0,,ADR_8_00,1.0,22.572777567079772,88.36388781427112
DRN_KRAM_0151,TELECALLING,CR_005_VIKRAM,CT_IKRAM,HUNG_UP,NC,,,,2024-11-24T11:35:00,0,,ADR_5_01,,,
DRN_KRAM_0176,VOICEBOT,CR_005_VIKRAM,CT_IKRAM,HUNG_UP,NC,,,,2024-11-25T16:41:00,0,,ADR_5_01,,,
DRN_KRAM_0140,FIELD,CR_005_VIKRAM,CT_IKRAM,NOT_PRESENT,NC,,,,2024-12-01T09:27:00,0,,ADR_5_00,1.0,13.081987362071175,80.27096214224754
DRN_OOJA_0058,AUTODIALER,CR_010_POOJA,CT_POOJA,WN,NC,,,,2024-12-03T16:04:00,0,,ADR_10_00,,,
DRN_VITA_0095,AUTODIALER,CR_008_KAVITA,CT_AVITA,NC,NC,NC Reason,Number busy,,2024-12-08T09:45:00,0,,ADR_8_00,,,
DRN_OOJA_0042,AUTODIALER,CR_010_POOJA,CT_POOJA,RNR,NC,RNR Reason,Customer Disconnected,,2024-12-09T09:52:00,0,,ADR_10_00,,,
DRN_VITA_0045,AUTODIALER,CR_008_KAVITA,CT_AVITA,PTP,RPC,Payment Mode,Casa Debit,Promised to pay next week,2024-12-09T14:24:00,0,2024-12-11T00:00:00,ADR_8_00,,,
DRN_KRAM_0096,FIELD,CR_005_VIKRAM,CT_IKRAM,SETTLEMENT_REQUEST,RPC,,,Customer asking for settlement,2024-12-09T15:41:00,0,,ADR_5_00,1.0,13.082449011016818,80.27049199770045
DRN_VITA_0032,AUTODIALER,CR_008_KAVITA,CT_AVITA,UTP,RPC,UTP Reason,Unexpected Family Expense,,2024-12-11T10:20:00,0,,ADR_8_00,,,
DRN_VITA_0018,TELECALLING,CR_008_KAVITA,CT_AVITA,FPTP,RPC,Payment Mode,Online,,2024-12-11T19:53:00,0,2024-12-19T00:00:00,ADR_8_00,,,
DRN_VITA_0086,AUTODIALER,CR_008_KAVITA,CT_AVITA,RNR,NC,RNR Reason,Customer Disconnected,,2024-12-12T13:17:00,0,,ADR_8_00,,,
DRN_OOJA_0038,AUTODIALER,CR_010_POOJA,CT_POOJA,RNR,NC,RNR Reason,No Answer,,2024-12-18T18:36:00,0,,ADR_10_00,,,
DRN_KRAM_0082,AUTODIALER,CR_005_VIKRAM,CT_IKRAM,RNR,NC,RNR Reason,No Answer,,2024-12-20T12:53:00,0,,ADR_5_01,,,
DRN_KRAM_0002,AUTODIALER,CR_005_VIKRAM,CT_IKRAM,NC,NC,NC Reason,Not Reachable,,2024-12-21T11:47:00,0,,ADR_5_01,,,
DRN_VITA_0061,TELECALLING,CR_008_KAVITA,CT_AVITA,NC,NC,NC Reason,Auto Disconnect,,2024-12-26T09:37:00,0,,ADR_8_00,,,
DRN_VITA_0089,TELECALLING,CR_008_KAVITA,CT_AVITA,HUNG_UP,NC,,,,2024-12-26T19:13:00,0,,ADR_8_00,,,
DRN_KRAM_0115,VOICEBOT,CR_005_VIKRAM,CT_IKRAM,HUNG_UP,NC,,,,2024-12-27T18:03:00,0,,ADR_5_01,,,
DRN_KRAM_0007,AUTODIALER,CR_005_VIKRAM,CT_IKRAM,TPC,TPC,Party Contacted,Brother,Spoke to family member,2024-12-29T14:25:00,0,,ADR_5_01,,,
DRN_KRAM_0070,AUTODIALER,CR_005_VIKRAM,CT_IKRAM,BPTP,RPC,,,,2025-01-01T12:18:00,0,,ADR_5_00,,,
DRN_KRAM_0083,AUTODIALER,CR_005_VIKRAM,CT_IKRAM,HUNG_UP,NC,,,,2025-01-03T09:26:00,0,,ADR_5_01,,,
DRN_KRAM_0180,FIELD,CR_005_VIKRAM,CT_IKRAM,RTP,RPC,,,Customer refused to pay,2025-01-04T10:41:00,0,,ADR_5_01,1.0,13.08335841761942,80.27092127293196
DRN_KRAM_0142,AUTODIALER,CR_005_VIKRAM,CT_IKRAM,RNR,NC,RNR Reason,No Answer,,2025-01-05T17:16:00,0,,ADR_5_01,,,
DRN_OOJA_0040,AUTODIALER,CR_010_POOJA,CT_POOJA,TPC,TPC,Party Contacted,Brother,Spoke to family member,2025-01-07T19:00:00,0,,ADR_10_00,,,
DRN_KRAM_0121,AUTODIALER,CR_005_VIKRAM,CT_IKRAM,RTP,RPC,,,Refused to pay,2025-01-08T16:06:00,0,,ADR_5_00,,,
DRN_OOJA_0023,AUTODIALER,CR_010_POOJA,CT_POOJA,PTP,RPC,Payment Mode,Online,No commitment given,2025-01-10T16:44:00,0,2025-01-17T00:00:00,ADR_10_00,,,
DRN_RJUN_0013,AUTODIALER,CR_007_ARJUN,CT_ARJUN,TPC,TPC,Party Contacted,Spouse,Spoke to family member,2025-01-12T09:07:00,0,,ADR_7_00,,,
DRN_KRAM_0076,FIELD,CR_005_VIKRAM,CT_IKRAM,PTP,RPC,Payment Mode,Casa Debit,Says cash flow issue this month,2025-01-13T16:16:00,0,2025-01-15T00:00:00,ADR_5_01,1.0,13.083140363017876,80.27030352985068
DRN_NITA_0002,AUTODIALER,CR_004_SUNITA,CT_UNITA,WN,NC,,,,2025-01-16T18:02:00,0,,ADR_4_00,,,
DRN_KRAM_0189,TELECALLING,CR_005_VIKRAM,CT_IKRAM,RNR,NC,RNR Reason,No Answer,,2025-01-18T14:12:00,0,,ADR_5_01,,,
DRN_KRAM_0175,TELECALLING,CR_005_VIKRAM,CT_IKRAM,PTP,RPC,Payment Mode,Casa Debit,Mother said son not home,2025-01-25T14:13:00,0,2025-01-27T00:00:00,ADR_5_01,,,
DRN_VITA_0031,AUTODIALER,CR_008_KAVITA,CT_AVITA,TPC,TPC,Party Contacted,Mother,Spoke to family member,2025-01-25T17:17:00,0,,ADR_8_00,,,
DRN_VITA_0052,FIELD,CR_008_KAVITA,CT_AVITA,NOT_PRESENT,NC,,,,2025-01-27T17:27:00,0,,ADR_8_00,1.0,22.573478280827803,88.36408194962304
DRN_KRAM_0166,TELECALLING,CR_005_VIKRAM,CT_IKRAM,NC,NC,NC Reason,Not Reachable,,2025-01-28T16:56:00,0,,ADR_5_00,,,
DRN_EERA_0005,AUTODIALER,CR_006_MEERA,CT_MEERA,PTP,RPC,Payment Mode,Casa Debit,Mother said son not home,2025-02-04T09:59:00,0,2025-02-07T00:00:00,ADR_6_00,,,
DRN_KRAM_0028,FIELD,CR_005_VIKRAM,CT_IKRAM,NOT_PRESENT,NC,,,,2025-02-04T18:46:00,0,,ADR_5_00,1.0,13.083195303389225,80.27159661026036
DRN_VITA_0042,FIELD,CR_008_KAVITA,CT_AVITA,NOT_PRESENT,NC,,,,2025-02-07T13:47:00,0,,ADR_8_00,1.0,22.57173401586254,88.3637371848059
DRN_EERA_0002,TELECALLING,CR_006_MEERA,CT_MEERA,HUNG_UP,NC,,,,2025-02-11T17:03:00,0,,ADR_6_00,,,
DRN_VITA_0069,AUTODIALER,CR_008_KAVITA,CT_AVITA,HUNG_UP,NC,,,,2025-02-13T11:13:00,0,,ADR_8_00,,,
DRN_KRAM_0200,AUTODIALER,CR_005_VIKRAM,CT_IKRAM,NC,NC,NC Reason,Not Reachable,,2025-02-14T17:15:00,0,,ADR_5_00,,,
DRN_VITA_0005,AUTODIALER,CR_008_KAVITA,CT_AVITA,WN,NC,,,,2025-02-18T17:25:00,0,,ADR_8_00,,,
DRN_VITA_0098,FIELD,CR_008_KAVITA,CT_AVITA,PAID,RPC,,,,2025-02-19T15:26:00,0,,ADR_8_00,1.0,22.572022969460445,88.36403496791758
DRN_KRAM_0024,AUTODIALER,CR_005_VIKRAM,CT_IKRAM,NC,NC,NC Reason,Not Reachable,,2025-02-19T15:32:00,0,,ADR_5_01,,,
DRN_OOJA_0029,FIELD,CR_010_POOJA,CT_POOJA,BPTP,RPC,,,Previous PTP not honoured,2025-02-22T19:45:00,0,,ADR_10_00,1.0,26.90852478610534,75.78198866996746
DRN_OOJA_0039,AUTODIALER,CR_010_POOJA,CT_POOJA,PTP,RPC,Payment Mode,Online,Says cash flow issue this month,2025-02-23T13:32:00,0,2025-02-28T00:00:00,ADR_10_00,,,
DRN_OOJA_0010,AUTODIALER,CR_010_POOJA,CT_POOJA,TPC,TPC,Party Contacted,Mother,Spoke to family member,2025-02-27T12:35:00,0,,ADR_10_00,,,
DRN_VITA_0020,AUTODIALER,CR_008_KAVITA,CT_AVITA,PTP,RPC,Payment Mode,Casa Debit,Promised to pay next week,2025-03-02T15:03:00,0,2025-03-06T00:00:00,ADR_8_00,,,
DRN_VITA_0101,VOICEBOT,CR_008_KAVITA,CT_AVITA,FPTP,RPC,Payment Mode,Online,,2025-03-05T17:13:00,0,2025-03-22T00:00:00,ADR_8_00,,,
DRN_VITA_0117,TELECALLING,CR_008_KAVITA,CT_AVITA,RNR,NC,RNR Reason,Customer Disconnected,,2025-03-07T11:28:00,0,,ADR_8_00,,,
DRN_KRAM_0009,TELECALLING,CR_005_VIKRAM,CT_IKRAM,HUNG_UP,NC,,,,2025-03-07T17:30:00,0,,ADR_5_01,,,
DRN_KRAM_0088,AUTODIALER,CR_005_VIKRAM,CT_IKRAM,RTP,RPC,,,Refused to pay,2025-03-08T10:18:00,0,,ADR_5_00,,,
DRN_KRAM_0004,TELECALLING,CR_005_VIKRAM,CT_IKRAM,HUNG_UP,NC,,,,2025-03-08T13:20:00,0,,ADR_5_01,,,
DRN_VITA_0118,AUTODIALER,CR_008_KAVITA,CT_AVITA,TPC,TPC,Party Contacted,Spouse,Spoke to family member,2025-03-13T15:23:00,0,,ADR_8_00,,,
DRN_EERA_0008,AUTODIALER,CR_006_MEERA,CT_MEERA,HUNG_UP,NC,,,,2025-03-26T14:08:00,0,,ADR_6_00,,,
DRN_OOJA_0032,AUTODIALER,CR_010_POOJA,CT_POOJA,RNR,NC,RNR Reason,No Answer,,2025-03-27T19:20:00,0,,ADR_10_00,,,
DRN_VITA_0097,AUTODIALER,CR_008_KAVITA,CT_AVITA,TPC,TPC,Party Contacted,Father,Spoke to family member,2025-03-29T11:03:00,0,,ADR_8_00,,,
DRN_VITA_0059,AUTODIALER,CR_008_KAVITA,CT_AVITA,WN,NC,,,,2025-04-01T19:46:00,0,,ADR_8_00,,,
DRN_VITA_0113,AUTODIALER,CR_008_KAVITA,CT_AVITA,TPC,TPC,Party Contacted,Brother,Spoke to family member,2025-04-03T12:40:00,0,,ADR_8_00,,,
DRN_OOJA_0021,FIELD,CR_010_POOJA,CT_POOJA,PTP,RPC,Payment Mode,Online,Will call back,2025-04-05T18:43:00,0,2025-04-09T00:00:00,ADR_10_00,1.0,26.908131161500418,75.7901141632455
DRN_KRAM_0127,AUTODIALER,CR_005_VIKRAM,CT_IKRAM,TPC,TPC,Party Contacted,Brother,Spoke to family member,2025-04-05T19:52:00,0,,ADR_5_00,,,
DRN_OOJA_0054,VOICEBOT,CR_010_POOJA,CT_POOJA,TPC,TPC,Party Contacted,Spouse,Spoke to family member,2025-04-11T19:34:00,0,,ADR_10_00,,,
DRN_VITA_0060,AUTODIALER,CR_008_KAVITA,CT_AVITA,TPC,TPC,Party Contacted,Brother,Spoke to family member,2025-04-14T17:48:00,0,,ADR_8_00,,,
DRN_KRAM_0068,FIELD,CR_005_VIKRAM,CT_IKRAM,DL,NC,,,,2025-04-16T15:59:00,0,,ADR_5_01,1.0,13.083518478432238,80.27003164893516
DRN_KRAM_0099,AUTODIALER,CR_005_VIKRAM,CT_IKRAM,RNR,NC,RNR Reason,No Answer,,2025-04-16T18:49:00,0,,ADR_5_01,,,
DRN_KRAM_0049,AUTODIALER,CR_005_VIKRAM,CT_IKRAM,HUNG_UP,NC,,,,2025-04-18T12:00:00,0,,ADR_5_01,,,
DRN_VITA_0070,AUTODIALER,CR_008_KAVITA,CT_AVITA,TPC,TPC,Party Contacted,Father,Spoke to family member,2025-04-20T13:05:00,0,,ADR_8_00,,,
DRN_KRAM_0062,AUTODIALER,CR_005_VIKRAM,CT_IKRAM,HUNG_UP,NC,,,,2025-04-24T16:11:00,0,,ADR_5_01,,,
DRN_OOJA_0009,AUTODIALER,CR_010_POOJA,CT_POOJA,HUNG_UP,NC,,,,2025-04-25T09:22:00,0,,ADR_10_00,,,
DRN_KRAM_0197,VOICEBOT,CR_005_VIKRAM,CT_IKRAM,RNR,NC,RNR Reason,No Answer,,2025-04-27T10:37:00,0,,ADR_5_00,,,
DRN_KRAM_0038,AUTODIALER,CR_005_VIKRAM,CT_IKRAM,FPTP,RPC,Payment Mode,Online,,2025-05-01T18:58:00,0,2025-05-26T00:00:00,ADR_5_00,,,
DRN_KRAM_0150,FIELD,CR_005_VIKRAM,CT_IKRAM,ANF,NC,,,,2025-05-02T16:22:00,0,,ADR_5_01,1.0,13.081783284033083,80.27126887417627
DRN_KRAM_0048,TELECALLING,CR_005_VIKRAM,CT_IKRAM,BPTP,RPC,,,,2025-05-04T10:05:00,0,,ADR_5_00,,,
DRN_VITA_0066,VOICEBOT,CR_008_KAVITA,CT_AVITA,TPC,TPC,Party Contacted,Brother,Spoke to family member,2025-05-08T10:23:00,0,,ADR_8_00,,,
DRN_RJUN_0002,TELECALLING,CR_007_ARJUN,CT_ARJUN,PTP,RPC,Payment Mode,Casa Debit,Asked for time,2025-05-08T17:48:00,0,2025-05-13T00:00:00,ADR_7_00,,,
DRN_KRAM_0053,AUTODIALER,CR_005_VIKRAM,CT_IKRAM,WN,NC,,,,2025-05-08T18:53:00,0,,ADR_5_00,,,
DRN_VITA_0058,FIELD,CR_008_KAVITA,CT_AVITA,PTP,RPC,Payment Mode,Casa Debit,Will call back,2025-05-09T17:21:00,0,2025-05-12T00:00:00,ADR_8_00,1.0,22.57388044206876,88.36439193714928
DRN_VITA_0014,AUTODIALER,CR_008_KAVITA,CT_AVITA,RTP,RPC,,,Refused to pay,2025-05-10T13:36:00,0,,ADR_8_00,,,
DRN_VITA_0077,AUTODIALER,CR_008_KAVITA,CT_AVITA,NC,NC,NC Reason,Not Reachable,,2025-05-12T12:38:00,0,,ADR_8_00,,,
DRN_EERA_0003,AUTODIALER,CR_006_MEERA,CT_MEERA,PTP,RPC,Payment Mode,Casa Debit,Will call back,2025-05-15T11:31:00,0,2025-05-19T00:00:00,ADR_6_00,,,
DRN_KRAM_0060,AUTODIALER,CR_005_VIKRAM,CT_IKRAM,UTP,RPC,UTP Reason,Unexpected Family Expense,,2025-05-15T19:47:00,0,,ADR_5_00,,,
DRN_KRAM_0055,AUTODIALER,CR_005_VIKRAM,CT_IKRAM,RNR,NC,RNR Reason,Customer Disconnected,,2025-05-16T10:34:00,0,,ADR_5_01,,,
DRN_KRAM_0129,TELECALLING,CR_005_VIKRAM,CT_IKRAM,TPC,TPC,Party Contacted,Brother,Spoke to family member,2025-05-17T12:04:00,0,,ADR_5_00,,,
DRN_KRAM_0016,TELECALLING,CR_005_VIKRAM,CT_IKRAM,RNR,NC,RNR Reason,Customer Disconnected,,2025-05-18T15:13:00,0,,ADR_5_00,,,
DRN_OOJA_0037,FIELD,CR_010_POOJA,CT_POOJA,ANF,NC,,,,2025-05-18T17:07:00,0,,ADR_10_00,1.0,26.911582549224754,75.78651143930125
DRN_VITA_0107,VOICEBOT,CR_008_KAVITA,CT_AVITA,WN,NC,,,,2025-05-20T11:04:00,0,,ADR_8_00,,,
DRN_VITA_0053,AUTODIALER,CR_008_KAVITA,CT_AVITA,PTP,RPC,Payment Mode,Online,Says NACH should have worked,2025-05-27T09:52:00,0,2025-06-01T00:00:00,ADR_8_00,,,
DRN_RJUN_0014,FIELD,CR_007_ARJUN,CT_ARJUN,NOT_PRESENT,NC,,,,2025-05-27T15:26:00,0,,ADR_7_00,1.0,17.38470142304952,78.48632680343921
DRN_VITA_0033,AUTODIALER,CR_008_KAVITA,CT_AVITA,TPC,TPC,Party Contacted,Mother,Spoke to family member,2025-05-27T18:56:00,0,,ADR_8_00,,,
DRN_NJAY_0001,VOICEBOT,CR_009_SANJAY,CT_ANJAY,UTP,RPC,UTP Reason,Loss of income,,2025-05-28T17:34:00,0,,ADR_9_00,,,
DRN_VITA_0036,VOICEBOT,CR_008_KAVITA,CT_AVITA,CB,RPC,,,Will call back,2025-05-29T19:09:00,0,,ADR_8_00,,,
DRN_OOJA_0020,AUTODIALER,CR_010_POOJA,CT_POOJA,WN,NC,,,,2025-06-01T11:20:00,0,,ADR_10_00,,,
DRN_KRAM_0037,AUTODIALER,CR_005_VIKRAM,CT_IKRAM,RNR,NC,RNR Reason,No Answer,,2025-06-02T12:13:00,0,,ADR_5_01,,,
DRN_KRAM_0145,TELECALLING,CR_005_VIKRAM,CT_IKRAM,RNR,NC,RNR Reason,No Answer,,2025-06-06T12:10:00,0,,ADR_5_01,,,
DRN_KRAM_0008,AUTODIALER,CR_005_VIKRAM,CT_IKRAM,WN,NC,,,,2025-06-06T17:53:00,0,,ADR_5_01,,,
DRN_KRAM_0170,FIELD,CR_005_VIKRAM,CT_IKRAM,BPTP,RPC,,,Previous PTP not honoured,2025-06-10T14:41:00,0,,ADR_5_00,1.0,13.082965287867994,80.27080743394633
DRN_KRAM_0193,FIELD,CR_005_VIKRAM,CT_IKRAM,NOT_PRESENT,NC,,,,2025-06-13T12:06:00,0,,ADR_5_01,1.0,13.082846181735437,80.27167635808854
DRN_KRAM_0006,FIELD,CR_005_VIKRAM,CT_IKRAM,UTP,RPC,UTP Reason,Unexpected Family Expense,Asked for time,2025-06-18T13:19:00,0,,ADR_5_01,1.0,13.08569544293872,80.26910125330535
DRN_VITA_0111,AUTODIALER,CR_008_KAVITA,CT_AVITA,HUNG_UP,NC,,,,2025-06-21T17:19:00,0,,ADR_8_00,,,
DRN_VITA_0025,AUTODIALER,CR_008_KAVITA,CT_AVITA,NC,NC,NC Reason,Not Reachable,,2025-06-22T12:22:00,0,,ADR_8_00,,,
DRN_KRAM_0173,TELECALLING,CR_005_VIKRAM,CT_IKRAM,RNR,NC,RNR Reason,No Answer,,2025-07-02T15:17:00,0,,ADR_5_00,,,
DRN_NITA_0003,AUTODIALER,CR_004_SUNITA,CT_UNITA,WN,NC,,,,2025-07-04T15:42:00,0,,ADR_4_00,,,
DRN_VITA_0028,VOICEBOT,CR_008_KAVITA,CT_AVITA,CB,RPC,,,Will call back,2025-07-07T12:01:00,0,,ADR_8_00,,,
DRN_KRAM_0118,VOICEBOT,CR_005_VIKRAM,CT_IKRAM,HUNG_UP,NC,,,,2025-07-09T11:52:00,0,,ADR_5_00,,,
DRN_VITA_0096,FIELD,CR_008_KAVITA,CT_AVITA,NOT_PRESENT,NC,,,,2025-07-11T16:28:00,0,,ADR_8_00,1.0,22.57249662388347,88.36455109005121
DRN_KRAM_0154,AUTODIALER,CR_005_VIKRAM,CT_IKRAM,WN,NC,,,,2025-07-11T16:31:00,0,,ADR_5_00,,,
DRN_VITA_0068,FIELD,CR_008_KAVITA,CT_AVITA,DL,NC,,,,2025-07-13T12:51:00,0,,ADR_8_00,1.0,22.57226021347388,88.3635420518723
DRN_VITA_0039,VOICEBOT,CR_008_KAVITA,CT_AVITA,NC,NC,NC Reason,Out of Service,,2025-07-15T15:56:00,0,,ADR_8_00,,,
DRN_KRAM_0065,TELECALLING,CR_005_VIKRAM,CT_IKRAM,RNR,NC,RNR Reason,Customer Disconnected,,2025-07-19T19:16:00,0,,ADR_5_00,,,
DRN_JESH_0001,AUTODIALER,CR_001_RAJESH,CT_AJESH,NC,NC,NC Reason,Auto Disconnect,,2025-07-21T18:25:00,0,,ADR_1_00,,,
DRN_OOJA_0013,VOICEBOT,CR_010_POOJA,CT_POOJA,TPC,TPC,Party Contacted,Brother,Spoke to family member,2025-07-22T15:39:00,0,,ADR_10_00,,,
DRN_KRAM_0155,AUTODIALER,CR_005_VIKRAM,CT_IKRAM,HUNG_UP,NC,,,,2025-07-22T19:30:00,0,,ADR_5_01,,,
DRN_VITA_0075,AUTODIALER,CR_008_KAVITA,CT_AVITA,TPC,TPC,Party Contacted,Mother,Spoke to family member,2025-07-23T17:39:00,0,,ADR_8_00,,,
DRN_OOJA_0005,AUTODIALER,CR_010_POOJA,CT_POOJA,HUNG_UP,NC,,,,2025-07-26T14:24:00,0,,ADR_10_00,,,
DRN_VITA_0080,FIELD,CR_008_KAVITA,CT_AVITA,NOT_PRESENT,NC,,,,2025-07-27T18:27:00,0,,ADR_8_00,1.0,22.572008499998738,88.36358853738423
DRN_KRAM_0186,TELECALLING,CR_005_VIKRAM,CT_IKRAM,UTP,RPC,UTP Reason,Medical Issue,,2025-07-29T14:56:00,0,,ADR_5_01,,,
DRN_OOJA_0057,FIELD,CR_010_POOJA,CT_POOJA,OS,NC,,,,2025-07-29T16:22:00,0,,ADR_10_00,1.0,26.912792155661293,75.78638613321851
DRN_VITA_0010,AUTODIALER,CR_008_KAVITA,CT_AVITA,WN,NC,,,,2025-07-30T09:28:00,0,,ADR_8_00,,,
DRN_KRAM_0073,AUTODIALER,CR_005_VIKRAM,CT_IKRAM,NC,NC,NC Reason,Auto Disconnect,,2025-07-31T12:30:00,0,,ADR_5_01,,,
DRN_KRAM_0030,TELECALLING,CR_005_VIKRAM,CT_IKRAM,HUNG_UP,NC,,,,2025-08-02T10:02:00,0,,ADR_5_01,,,
DRN_OOJA_0043,TELECALLING,CR_010_POOJA,CT_POOJA,HUNG_UP,NC,,,,2025-08-06T14:20:00,0,,ADR_10_00,,,
DRN_VITA_0108,AUTODIALER,CR_008_KAVITA,CT_AVITA,PTP,RPC,Payment Mode,Casa Debit,Mother said son not home,2025-08-06T14:43:00,0,2025-08-09T00:00:00,ADR_8_00,,,
DRN_OOJA_0008,VOICEBOT,CR_010_POOJA,CT_POOJA,HUNG_UP,NC,,,,2025-08-08T17:41:00,0,,ADR_10_00,,,
DRN_VITA_0099,TELECALLING,CR_008_KAVITA,CT_AVITA,WN,NC,,,,2025-08-17T14:13:00,0,,ADR_8_00,,,
DRN_VITA_0073,FIELD,CR_008_KAVITA,CT_AVITA,DOUBTFUL,RPC,,,"Customer evasive, gave vague answers about payment",2025-08-19T12:42:00,0,,ADR_8_00,1.0,22.570984280773505,88.36388088746186
DRN_VITA_0001,AUTODIALER,CR_008_KAVITA,CT_AVITA,RNR,NC,RNR Reason,Customer Disconnected,,2025-08-19T16:16:00,0,,ADR_8_00,,,
DRN_VITA_0041,TELECALLING,CR_008_KAVITA,CT_AVITA,PTP,RPC,Payment Mode,Casa Debit,No commitment given,2025-08-20T12:37:00,0,2025-08-25T00:00:00,ADR_8_00,,,
DRN_EERA_0006,AUTODIALER,CR_006_MEERA,CT_MEERA,RNR,NC,RNR Reason,No Answer,,2025-08-21T14:32:00,0,,ADR_6_00,,,
DRN_KRAM_0126,FIELD,CR_005_VIKRAM,CT_IKRAM,NOT_PRESENT,NC,,,,2025-08-22T19:20:00,0,,ADR_5_00,1.0,13.083326029913229,80.27020643425442
DRN_KRAM_0109,FIELD,CR_005_VIKRAM,CT_IKRAM,DL,NC,,,,2025-08-26T13:13:00,0,,ADR_5_01,1.0,13.083148720410817,80.27014195821155
DRN_EERA_0013,AUTODIALER,CR_006_MEERA,CT_MEERA,DOUBTFUL,RPC,,,"Avoided discussing the loan amount, kept changing topic",2025-08-26T16:00:00,0,,ADR_6_00,,,
DRN_KRAM_0075,TELECALLING,CR_005_VIKRAM,CT_IKRAM,NC,NC,NC Reason,Not Reachable,,2025-08-27T13:29:00,0,,ADR_5_01,,,
DRN_KRAM_0143,TELECALLING,CR_005_VIKRAM,CT_IKRAM,PTP,RPC,Payment Mode,Online,Customer travelling,2025-09-04T16:45:00,0,2025-09-10T00:00:00,ADR_5_00,,,
DRN_KRAM_0159,AUTODIALER,CR_005_VIKRAM,CT_IKRAM,TPC,TPC,Party Contacted,Mother,Spoke to family member,2025-09-08T11:35:00,0,,ADR_5_00,,,
DRN_EERA_0012,AUTODIALER,CR_006_MEERA,CT_MEERA,WN,NC,,,,2025-09-08T12:21:00,0,,ADR_6_00,,,
DRN_KRAM_0043,FIELD,CR_005_VIKRAM,CT_IKRAM,PTP,RPC,Payment Mode,Online,Asked for time,2025-09-17T17:10:00,0,2025-09-19T00:00:00,ADR_5_01,1.0,13.082688565810457,80.27096084296237
DRN_VITA_0104,FIELD,CR_008_KAVITA,CT_AVITA,PAID,RPC,,,,2025-09-23T09:27:00,0,,ADR_8_00,1.0,22.568867768641923,88.36235838520383
DRN_EERA_0001,FIELD,CR_006_MEERA,CT_MEERA,DL,NC,,,,2025-09-23T12:50:00,0,,ADR_6_00,1.0,28.61436673492572,77.20841475057343
DRN_KRAM_0093,TELECALLING,CR_005_VIKRAM,CT_IKRAM,HUNG_UP,NC,,,,2025-09-24T19:48:00,0,,ADR_5_00,,,
DRN_KRAM_0194,VOICEBOT,CR_005_VIKRAM,CT_IKRAM,FPTP,RPC,Payment Mode,Online,,2025-09-26T09:04:00,0,2025-10-25T00:00:00,ADR_5_01,,,
DRN_VITA_0091,FIELD,CR_008_KAVITA,CT_AVITA,ANF,NC,,,,2025-09-28T14:41:00,0,,ADR_8_00,1.0,22.571834615381416,88.36439538485327
DRN_EERA_0010,FIELD,CR_006_MEERA,CT_MEERA,OS,NC,,,,2025-10-07T19:54:00,0,,ADR_6_00,1.0,28.612972792359766,77.2086506691503
DRN_KRAM_0100,AUTODIALER,CR_005_VIKRAM,CT_IKRAM,NC,NC,NC Reason,Auto Disconnect,,2025-10-10T16:54:00,0,,ADR_5_01,,,
DRN_VITA_0003,AUTODIALER,CR_008_KAVITA,CT_AVITA,TPC,TPC,Party Contacted,Mother,Spoke to family member,2025-10-13T11:30:00,0,,ADR_8_00,,,
DRN_KRAM_0147,TELECALLING,CR_005_VIKRAM,CT_IKRAM,TPC,TPC,Party Contacted,Father,Spoke to family member,2025-10-14T16:49:00,0,,ADR_5_01,,,
DRN_VITA_0081,VOICEBOT,CR_008_KAVITA,CT_AVITA,NC,NC,NC Reason,Auto Disconnect,,2025-10-19T11:01:00,0,,ADR_8_00,,,
DRN_VITA_0006,AUTODIALER,CR_008_KAVITA,CT_AVITA,FPTP,RPC,Payment Mode,Online,,2025-10-19T12:43:00,0,2025-10-28T00:00:00,ADR_8_00,,,
DRN_KRAM_0181,FIELD,CR_005_VIKRAM,CT_IKRAM,NOT_PRESENT,NC,,,,2025-10-21T13:58:00,0,,ADR_5_00,1.0,13.08341511873284,80.27014767266886
DRN_VITA_0008,FIELD,CR_008_KAVITA,CT_AVITA,NOT_PRESENT,NC,,,,2025-10-23T11:09:00,0,,ADR_8_00,1.0,22.57227312852837,88.3631049483139
DRN_KRAM_0092,FIELD,CR_005_VIKRAM,CT_IKRAM,OS,NC,,,,2025-10-26T19:30:00,0,,ADR_5_00,1.0,13.08310208021911,80.26981416135169
DRN_VITA_0040,AUTODIALER,CR_008_KAVITA,CT_AVITA,CB,RPC,,,Will call back,2025-10-27T10:08:00,0,,ADR_8_00,,,
DRN_KRAM_0066,AUTODIALER,CR_005_VIKRAM,CT_IKRAM,NC,NC,NC Reason,Auto Disconnect,,2025-10-27T18:14:00,0,,ADR_5_00,,,
DRN_KRAM_0077,TELECALLING,CR_005_VIKRAM,CT_IKRAM,NC,NC,NC Reason,Auto Disconnect,,2025-10-27T19:14:00,0,,ADR_5_00,,,
DRN_KRAM_0084,AUTODIALER,CR_005_VIKRAM,CT_IKRAM,RNR,NC,RNR Reason,No Answer,,2025-10-30T09:09:00,0,,ADR_5_00,,,
DRN_VITA_0019,FIELD,CR_008_KAVITA,CT_AVITA,PAID,RPC,,,,2025-11-03T17:05:00,0,,ADR_8_00,1.0,22.572807413082515,88.36403900584584
DRN_VITA_0102,FIELD,CR_008_KAVITA,CT_AVITA,OS,NC,,,,2025-11-05T16:50:00,0,,ADR_8_00,1.0,22.57342432408014,88.3642676609438
DRN_OOJA_0051,AUTODIALER,CR_010_POOJA,CT_POOJA,TPC,TPC,Party Contacted,Brother,Spoke to family member,2025-11-07T14:41:00,0,,ADR_10_00,,,
DRN_KRAM_0087,AUTODIALER,CR_005_VIKRAM,CT_IKRAM,RNR,NC,RNR Reason,No Answer,,2025-11-09T13:45:00,0,,ADR_5_01,,,
DRN_VITA_0114,FIELD,CR_008_KAVITA,CT_AVITA,DL,NC,,,,2025-11-12T17:30:00,0,,ADR_8_00,1.0,22.571661357516675,88.36363558931818
DRN_OOJA_0050,AUTODIALER,CR_010_POOJA,CT_POOJA,TPC,TPC,Party Contacted,Spouse,Spoke to family member,2025-11-14T16:34:00,0,,ADR_10_00,,,
DRN_KRAM_0005,FIELD,CR_005_VIKRAM,CT_IKRAM,OS,NC,,,,2025-11-15T09:10:00,0,,ADR_5_00,1.0,13.082101568778098,80.27131488021728
DRN_KRAM_0056,AUTODIALER,CR_005_VIKRAM,CT_IKRAM,HUNG_UP,NC,,,,2025-11-15T14:04:00,0,,ADR_5_01,,,
DRN_KRAM_0163,AUTODIALER,CR_005_VIKRAM,CT_IKRAM,LB,RPC,,,,2025-11-15T14:07:00,0,,ADR_5_01,,,
DRN_EERA_0015,FIELD,CR_006_MEERA,CT_MEERA,BPTP,RPC,,,Previous PTP not honoured,2025-11-17T09:04:00,0,,ADR_6_00,1.0,28.613797658593196,77.20921210566254
DRN_VITA_0054,AUTODIALER,CR_008_KAVITA,CT_AVITA,PTP,RPC,Payment Mode,Casa Debit,"Door was locked, neighbours unaware",2025-11-18T15:34:00,0,2025-11-22T00:00:00,ADR_8_00,,,
DRN_VITA_0103,AUTODIALER,CR_008_KAVITA,CT_AVITA,RNR,NC,RNR Reason,No Answer,,2025-11-21T16:08:00,0,,ADR_8_00,,,
DRN_RJUN_0003,AUTODIALER,CR_007_ARJUN,CT_ARJUN,PTP,RPC,Payment Mode,Online,"Spoke briefly, busy",2025-11-23T18:51:00,0,2025-11-30T00:00:00,ADR_7_00,,,
DRN_RJUN_0008,AUTODIALER,CR_007_ARJUN,CT_ARJUN,RNR,NC,RNR Reason,No Answer,,2025-11-28T11:46:00,0,,ADR_7_00,,,
DRN_KRAM_0086,VOICEBOT,CR_005_VIKRAM,CT_IKRAM,NC,NC,NC Reason,Number busy,,2025-11-28T12:27:00,0,,ADR_5_00,,,
DRN_VITA_0076,FIELD,CR_008_KAVITA,CT_AVITA,PARTIAL_PAID,RPC,,,Customer paid partial amount,2025-11-28T15:13:00,0,,ADR_8_00,1.0,22.572833598450064,88.3638073933737
DRN_VITA_0094,AUTODIALER,CR_008_KAVITA,CT_AVITA,TPC,TPC,Party Contacted,Brother,Spoke to family member,2025-11-30T10:25:00,0,,ADR_8_00,,,
DRN_OOJA_0044,AUTODIALER,CR_010_POOJA,CT_POOJA,RNR,NC,RNR Reason,No Answer,,2025-11-30T16:29:00,0,,ADR_10_00,,,
DRN_KRAM_0149,TELECALLING,CR_005_VIKRAM,CT_IKRAM,LB,RPC,,,,2025-12-02T15:06:00,0,,ADR_5_01,,,
DRN_OOJA_0012,VOICEBOT,CR_010_POOJA,CT_POOJA,RNR,NC,RNR Reason,No Answer,,2025-12-03T17:51:00,0,,ADR_10_00,,,
DRN_VITA_0090,TELECALLING,CR_008_KAVITA,CT_AVITA,HUNG_UP,NC,,,,2025-12-04T17:52:00,0,,ADR_8_00,,,
DRN_KRAM_0041,AUTODIALER,CR_005_VIKRAM,CT_IKRAM,RNR,NC,RNR Reason,No Answer,,2025-12-05T09:25:00,0,,ADR_5_01,,,
DRN_VITA_0030,VOICEBOT,CR_008_KAVITA,CT_AVITA,WN,NC,,,,2025-12-05T14:09:00,0,,ADR_8_00,,,
DRN_VITA_0048,AUTODIALER,CR_008_KAVITA,CT_AVITA,TPC,TPC,Party Contacted,Mother,Spoke to family member,2025-12-08T13:54:00,0,,ADR_8_00,,,
DRN_VITA_0115,TELECALLING,CR_008_KAVITA,CT_AVITA,HUNG_UP,NC,,,,2025-12-11T10:01:00,0,,ADR_8_00,,,
DRN_KRAM_0141,TELECALLING,CR_005_VIKRAM,CT_IKRAM,TPC,TPC,Party Contacted,Spouse,Spoke to family member,2025-12-11T17:40:00,0,,ADR_5_01,,,
DRN_VITA_0106,AUTODIALER,CR_008_KAVITA,CT_AVITA,RNR,NC,RNR Reason,No Answer,,2025-12-12T11:41:00,0,,ADR_8_00,,,
DRN_KRAM_0052,FIELD,CR_005_VIKRAM,CT_IKRAM,OS,NC,,,,2025-12-12T13:54:00,0,,ADR_5_00,1.0,13.08221092509488,80.26996827946682
DRN_VITA_0047,AUTODIALER,CR_008_KAVITA,CT_AVITA,WN,NC,,,,2025-12-19T18:39:00,0,,ADR_8_00,,,
DRN_OOJA_0001,TELECALLING,CR_010_POOJA,CT_POOJA,RNR,NC,RNR Reason,No Answer,,2025-12-21T12:21:00,0,,ADR_10_00,,,
DRN_KRAM_0120,FIELD,CR_005_VIKRAM,CT_IKRAM,ANF,NC,,,,2025-12-24T13:48:00,0,,ADR_5_00,1.0,13.082152945187039,80.27006991264827
DRN_VITA_0034,FIELD,CR_008_KAVITA,CT_AVITA,DL,NC,,,,2025-12-26T13:14:00,0,,ADR_8_00,1.0,22.573374603351052,88.36320766288654
DRN_EERA_0007,AUTODIALER,CR_006_MEERA,CT_MEERA,LB,RPC,,,,2025-12-28T09:25:00,0,,ADR_6_00,,,
DRN_KRAM_0001,TELECALLING,CR_005_VIKRAM,CT_IKRAM,TPC,TPC,Party Contacted,Father,Spoke to family member,2025-12-29T09:20:00,0,,ADR_5_00,,,
DRN_NJAY_0003,AUTODIALER,CR_009_SANJAY,CT_ANJAY,RTP,RPC,,,Refused to pay,2025-12-29T15:34:00,0,,ADR_9_00,,,
DRN_KRAM_0072,TELECALLING,CR_005_VIKRAM,CT_IKRAM,NC,NC,NC Reason,Switch off,,2025-12-30T12:04:00,0,,ADR_5_00,,,
DRN_VITA_0043,AUTODIALER,CR_008_KAVITA,CT_AVITA,WN,NC,,,,2025-12-30T13:24:00,0,,ADR_8_00,,,
DRN_KRAM_0156,AUTODIALER,CR_005_VIKRAM,CT_IKRAM,WN,NC,,,,2025-12-31T10:23:00,0,,ADR_5_01,,,
DRN_RIYA_0181,TELECALLING,CR_002_PRIYA,CT_PRIYA,TPC,TPC,Party Contacted,Brother,Spoke to family member,2025-12-31T13:11:00,0,,ADR_2_00,,,
DRN_RIYA_0040,TELECALLING,CR_002_PRIYA,CT_PRIYA,WN,NC,,,,2025-12-31T13:51:00,0,,ADR_2_00,,,
DRN_RIYA_0072,AUTODIALER,CR_002_PRIYA,CT_PRIYA,TPC,TPC,Party Contacted,Father,Spoke to family member,2025-12-31T14:21:00,0,,ADR_2_00,,,
DRN_RIYA_0027,AUTODIALER,CR_002_PRIYA,CT_PRIYA,WN,NC,,,,2025-12-31T17:19:00,0,,ADR_2_00,,,
DRN_RIYA_0088,AUTODIALER,CR_002_PRIYA,CT_PRIYA,HUNG_UP,NC,,,,2025-12-31T19:00:00,0,,ADR_2_00,,,
DRN_AMIT_0193,AUTODIALER,CR_003_AMIT,CT__AMIT,HUNG_UP,NC,,,,2026-01-01T09:48:00,0,,ADR_3_00,,,
DRN_AMIT_0134,AUTODIALER,CR_003_AMIT,CT__AMIT,HUNG_UP,NC,,,,2026-01-01T11:05:00,0,,ADR_3_00,,,
DRN_RIYA_0024,VOICEBOT,CR_002_PRIYA,CT_PRIYA,RNR,NC,RNR Reason,No Answer,,2026-01-01T11:16:00,0,,ADR_2_00,,,
DRN_AMIT_0175,TELECALLING,CR_003_AMIT,CT__AMIT,NC,NC,NC Reason,Switch off,,2026-01-01T12:54:00,0,,ADR_3_00,,,
DRN_OOJA_0048,AUTODIALER,CR_010_POOJA,CT_POOJA,RNR,NC,RNR Reason,Customer Disconnected,,2026-01-01T15:36:00,0,,ADR_10_00,,,
DRN_RIYA_0050,AUTODIALER,CR_002_PRIYA,CT_PRIYA,PTP,RPC,Payment Mode,Online,"Spoke briefly, busy",2026-01-01T15:48:00,0,2026-01-06T00:00:00,ADR_2_00,,,
DRN_OOJA_0049,TELECALLING,CR_010_POOJA,CT_POOJA,TPC,TPC,Party Contacted,Father,Spoke to family member,2026-01-01T17:11:00,0,,ADR_10_00,,,
DRN_RIYA_0077,AUTODIALER,CR_002_PRIYA,CT_PRIYA,PTP,RPC,Payment Mode,Casa Debit,Will pay after salary,2026-01-02T09:16:00,0,2026-01-06T00:00:00,ADR_2_00,,,
DRN_AMIT_0089,AUTODIALER,CR_003_AMIT,CT__AMIT,PTP,RPC,Payment Mode,Online,Customer not responsive,2026-01-02T15:53:00,0,2026-01-09T00:00:00,ADR_3_00,,,
DRN_AMIT_0052,AUTODIALER,CR_003_AMIT,CT__AMIT,RNR,NC,RNR Reason,No Answer,,2026-01-02T16:49:00,0,,ADR_3_00,,,
DRN_AMIT_0078,AUTODIALER,CR_003_AMIT,CT__AMIT,WN,NC,,,,2026-01-02T18:53:00,0,,ADR_3_00,,,
DRN_RIYA_0037,TELECALLING,CR_002_PRIYA,CT_PRIYA,TPC,TPC,Party Contacted,Spouse,Spoke to family member,2026-01-03T10:01:00,0,,ADR_2_00,,,
DRN_KRAM_0103,AUTODIALER,CR_005_VIKRAM,CT_IKRAM,PTP,RPC,Payment Mode,Casa Debit,"Spoke briefly, busy",2026-01-03T13:26:00,0,2026-01-09T00:00:00,ADR_5_00,,,
DRN_RIYA_0010,FIELD,CR_002_PRIYA,CT_PRIYA,NOT_PRESENT,NC,,,,2026-01-03T16:49:00,0,,ADR_2_00,1.0,19.076047013171173,72.87673740973581
DRN_AMIT_0141,AUTODIALER,CR_003_AMIT,CT__AMIT,NC,NC,NC Reason,Switch off,,2026-01-03T19:46:00,0,,ADR_3_00,,,
DRN_RIYA_0007,TELECALLING,CR_002_PRIYA,CT_PRIYA,HUNG_UP,NC,,,,2026-01-04T11:35:00,0,,ADR_2_00,,,
DRN_RIYA_0167,AUTODIALER,CR_002_PRIYA,CT_PRIYA,HUNG_UP,NC,,,,2026-01-04T12:31:00,0,,ADR_2_00,,,
DRN_RIYA_0095,AUTODIALER,CR_002_PRIYA,CT_PRIYA,RTP,RPC,,,Refused to pay,2026-01-04T16:49:00,0,,ADR_2_00,,,
DRN_AMIT_0059,FIELD,CR_003_AMIT,CT__AMIT,ANF,NC,,,,2026-01-04T18:14:00,0,,ADR_3_00,1.0,18.519885855708676,73.85647959072107
DRN_RIYA_0048,FIELD,CR_002_PRIYA,CT_PRIYA,ANF,NC,,,,2026-01-05T15:22:00,0,,ADR_2_00,1.0,19.075810838659137,72.87815436553868
DRN_AMIT_0019,AUTODIALER,CR_003_AMIT,CT__AMIT,NC,NC,NC Reason,Auto Disconnect,,2026-01-05T17:08:00,0,,ADR_3_00,,,
DRN_AMIT_0100,TELECALLING,CR_003_AMIT,CT__AMIT,WN,NC,,,,2026-01-06T10:09:00,0,,ADR_3_00,,,
DRN_RIYA_0102,TELECALLING,CR_002_PRIYA,CT_PRIYA,HUNG_UP,NC,,,,2026-01-06T10:24:00,0,,ADR_2_00,,,
DRN_RIYA_0146,TELECALLING,CR_002_PRIYA,CT_PRIYA,RNR,NC,RNR Reason,No Answer,,2026-01-06T12:46:00,0,,ADR_2_00,,,
DRN_RIYA_0193,AUTODIALER,CR_002_PRIYA,CT_PRIYA,TPC,TPC,Party Contacted,Spouse,Spoke to family member,2026-01-06T16:18:00,0,,ADR_2_00,,,
DRN_RIYA_0195,FIELD,CR_002_PRIYA,CT_PRIYA,ANF,NC,,,,2026-01-06T16:51:00,0,,ADR_2_00,1.0,19.076069114760834,72.87777996238104
DRN_RIYA_0087,FIELD,CR_002_PRIYA,CT_PRIYA,OS,NC,,,,2026-01-06T18:12:00,0,,ADR_2_00,1.0,19.075238433257496,72.87707914636137
DRN_RIYA_0143,TELECALLING,CR_002_PRIYA,CT_PRIYA,RNR,NC,RNR Reason,Customer Disconnected,,2026-01-06T19:14:00,0,,ADR_2_00,,,
DRN_AMIT_0132,FIELD,CR_003_AMIT,CT__AMIT,OS,NC,,,,2026-01-08T09:05:00,0,,ADR_3_00,1.0,18.519514896116604,73.8565285437494
DRN_AMIT_0116,VOICEBOT,CR_003_AMIT,CT__AMIT,RNR,NC,RNR Reason,Customer Disconnected,,2026-01-08T11:37:00,0,,ADR_3_00,,,
DRN_AMIT_0026,AUTODIALER,CR_003_AMIT,CT__AMIT,RNR,NC,RNR Reason,No Answer,,2026-01-08T14:27:00,0,,ADR_3_00,,,
DRN_RIYA_0145,FIELD,CR_002_PRIYA,CT_PRIYA,ANF,NC,,,,2026-01-08T16:41:00,0,,ADR_2_00,1.0,19.076158339533674,72.87695211409232
DRN_RIYA_0192,TELECALLING,CR_002_PRIYA,CT_PRIYA,HUNG_UP,NC,,,,2026-01-08T18:27:00,0,,ADR_2_00,,,
DRN_AMIT_0016,TELECALLING,CR_003_AMIT,CT__AMIT,HUNG_UP,NC,,,,2026-01-08T18:38:00,0,,ADR_3_00,,,
DRN_AMIT_0006,AUTODIALER,CR_003_AMIT,CT__AMIT,HUNG_UP,NC,,,,2026-01-08T18:53:00,0,,ADR_3_00,,,
DRN_AMIT_0035,VOICEBOT,CR_003_AMIT,CT__AMIT,TPC,TPC,Party Contacted,Brother,Spoke to family member,2026-01-09T12:18:00,0,,ADR_3_00,,,
DRN_AMIT_0017,AUTODIALER,CR_003_AMIT,CT__AMIT,TPC,TPC,Party Contacted,Mother,Spoke to family member,2026-01-10T10:22:00,0,,ADR_3_00,,,
DRN_AMIT_0077,TELECALLING,CR_003_AMIT,CT__AMIT,NC,NC,NC Reason,Out of Service,,2026-01-10T12:49:00,0,,ADR_3_00,,,
DRN_RIYA_0023,AUTODIALER,CR_002_PRIYA,CT_PRIYA,TPC,TPC,Party Contacted,Brother,Spoke to family member,2026-01-10T17:26:00,0,,ADR_2_00,,,
DRN_AMIT_0073,AUTODIALER,CR_003_AMIT,CT__AMIT,NC,NC,NC Reason,Out of Service,,2026-01-11T18:46:00,0,,ADR_3_00,,,
DRN_AMIT_0200,AUTODIALER,CR_003_AMIT,CT__AMIT,NC,NC,NC Reason,Out of Service,,2026-01-12T09:53:00,0,,ADR_3_00,,,
DRN_AMIT_0187,AUTODIALER,CR_003_AMIT,CT__AMIT,WN,NC,,,,2026-01-12T10:12:00,0,,ADR_3_00,,,
DRN_RIYA_0099,VOICEBOT,CR_002_PRIYA,CT_PRIYA,WN,NC,,,,2026-01-12T10:57:00,0,,ADR_2_00,,,
DRN_AMIT_0024,TELECALLING,CR_003_AMIT,CT__AMIT,PTP,RPC,Payment Mode,Casa Debit,Customer travelling,2026-01-12T15:53:00,0,2026-01-15T00:00:00,ADR_3_00,,,
DRN_KRAM_0116,FIELD,CR_005_VIKRAM,CT_IKRAM,SETTLEMENT_REQUEST,RPC,,,Customer asking for settlement,2026-01-12T19:04:00,0,,ADR_5_01,1.0,13.082070373846882,80.27098047158172
DRN_RIYA_0155,TELECALLING,CR_002_PRIYA,CT_PRIYA,RNR,NC,RNR Reason,No Answer,,2026-01-13T12:33:00,0,,ADR_2_00,,,
DRN_RIYA_0165,AUTODIALER,CR_002_PRIYA,CT_PRIYA,NC,NC,NC Reason,Out of Service,,2026-01-13T13:38:00,0,,ADR_2_00,,,
DRN_AMIT_0198,AUTODIALER,CR_003_AMIT,CT__AMIT,UTP,RPC,UTP Reason,Medical Issue,,2026-01-13T18:25:00,0,,ADR_3_00,,,
DRN_RIYA_0005,TELECALLING,CR_002_PRIYA,CT_PRIYA,RNR,NC,RNR Reason,Customer Disconnected,,2026-01-13T19:21:00,0,,ADR_2_00,,,
DRN_AMIT_0055,TELECALLING,CR_003_AMIT,CT__AMIT,TPC,TPC,Party Contacted,Brother,Spoke to family member,2026-01-14T11:45:00,0,,ADR_3_00,,,
DRN_AMIT_0164,FIELD,CR_003_AMIT,CT__AMIT,OS,NC,,,,2026-01-14T13:24:00,0,,ADR_3_00,1.0,18.519646068021803,73.85600768881295
DRN_RIYA_0133,TELECALLING,CR_002_PRIYA,CT_PRIYA,RNR,NC,RNR Reason,No Answer,,2026-01-15T10:02:00,0,,ADR_2_00,,,
DRN_EERA_0004,AUTODIALER,CR_006_MEERA,CT_MEERA,RNR,NC,RNR Reason,Customer Disconnected,,2026-01-15T15:55:00,0,,ADR_6_00,,,
DRN_KRAM_0192,VOICEBOT,CR_005_VIKRAM,CT_IKRAM,WN,NC,,,,2026-01-16T10:17:00,0,,ADR_5_00,,,
DRN_VITA_0112,FIELD,CR_008_KAVITA,CT_AVITA,OS,NC,,,,2026-01-16T10:39:00,0,,ADR_8_00,1.0,22.572068189626705,88.36445766889517
DRN_AMIT_0015,AUTODIALER,CR_003_AMIT,CT__AMIT,WN,NC,,,,2026-01-16T16:08:00,0,,ADR_3_00,,,
DRN_RIYA_0109,VOICEBOT,CR_002_PRIYA,CT_PRIYA,TPC,TPC,Party Contacted,Brother,Spoke to family member,2026-01-16T18:48:00,0,,ADR_2_00,,,
DRN_AMIT_0028,VOICEBOT,CR_003_AMIT,CT__AMIT,HUNG_UP,NC,,,,2026-01-16T19:39:00,0,,ADR_3_00,,,
DRN_KRAM_0130,AUTODIALER,CR_005_VIKRAM,CT_IKRAM,NC,NC,NC Reason,Auto Disconnect,,2026-01-17T10:31:00,0,,ADR_5_00,,,
DRN_KRAM_0063,AUTODIALER,CR_005_VIKRAM,CT_IKRAM,NC,NC,NC Reason,Not Reachable,,2026-01-17T14:20:00,0,,ADR_5_00,,,
DRN_AMIT_0161,TELECALLING,CR_003_AMIT,CT__AMIT,TPC,TPC,Party Contacted,Father,Spoke to family member,2026-01-17T14:33:00,0,,ADR_3_00,,,
DRN_VITA_0078,AUTODIALER,CR_008_KAVITA,CT_AVITA,DOUBTFUL,RPC,,,Did not give straight answer on payment date,2026-01-17T14:43:00,0,,ADR_8_00,,,
DRN_RIYA_0120,AUTODIALER,CR_002_PRIYA,CT_PRIYA,TPC,TPC,Party Contacted,Spouse,Spoke to family member,2026-01-17T19:50:00,0,,ADR_2_00,,,
DRN_AMIT_0145,AUTODIALER,CR_003_AMIT,CT__AMIT,RNR,NC,RNR Reason,Customer Disconnected,,2026-01-18T13:05:00,0,,ADR_3_00,,,
DRN_AMIT_0188,AUTODIALER,CR_003_AMIT,CT__AMIT,PTP,RPC,Payment Mode,Casa Debit,Asked for time,2026-01-19T09:59:00,0,2026-01-24T00:00:00,ADR_3_00,,,
DRN_AMIT_0123,TELECALLING,CR_003_AMIT,CT__AMIT,LB,RPC,,,,2026-01-19T11:08:00,0,,ADR_3_00,,,
DRN_AMIT_0194,TELECALLING,CR_003_AMIT,CT__AMIT,HUNG_UP,NC,,,,2026-01-19T13:38:00,0,,ADR_3_00,,,
DRN_RIYA_0113,AUTODIALER,CR_002_PRIYA,CT_PRIYA,HUNG_UP,NC,,,,2026-01-19T16:35:00,0,,ADR_2_00,,,
DRN_VITA_0024,AUTODIALER,CR_008_KAVITA,CT_AVITA,UTP,RPC,UTP Reason,Medical Issue,,2026-01-19T18:30:00,0,,ADR_8_00,,,
DRN_AMIT_0137,TELECALLING,CR_003_AMIT,CT__AMIT,HUNG_UP,NC,,,,2026-01-21T11:16:00,0,,ADR_3_00,,,
DRN_RIYA_0042,AUTODIALER,CR_002_PRIYA,CT_PRIYA,RNR,NC,RNR Reason,Customer Disconnected,,2026-01-21T13:41:00,0,,ADR_2_00,,,
DRN_AMIT_0013,AUTODIALER,CR_003_AMIT,CT__AMIT,RTP,RPC,,,Refused to pay,2026-01-21T16:48:00,0,,ADR_3_00,,,
DRN_AMIT_0114,FIELD,CR_003_AMIT,CT__AMIT,NOT_PRESENT,NC,,,,2026-01-22T09:04:00,0,,ADR_3_00,1.0,18.520403549732027,73.85744611757744
DRN_RJUN_0007,FIELD,CR_007_ARJUN,CT_ARJUN,ANF,NC,,,,2026-01-22T11:32:00,0,,ADR_7_00,1.0,17.385695453302574,78.48601226482111
DRN_AMIT_0037,AUTODIALER,CR_003_AMIT,CT__AMIT,TPC,TPC,Party Contacted,Brother,Spoke to family member,2026-01-22T11:43:00,0,,ADR_3_00,,,
DRN_KRAM_0187,AUTODIALER,CR_005_VIKRAM,CT_IKRAM,HUNG_UP,NC,,,,2026-01-22T14:24:00,0,,ADR_5_00,,,
DRN_AMIT_0009,AUTODIALER,CR_003_AMIT,CT__AMIT,RTP,RPC,,,Refused to pay,2026-01-23T10:24:00,0,,ADR_3_00,,,
DRN_RIYA_0191,TELECALLING,CR_002_PRIYA,CT_PRIYA,CB,RPC,,,Will call back,2026-01-23T18:21:00,0,,ADR_2_00,,,
DRN_RJUN_0004,AUTODIALER,CR_007_ARJUN,CT_ARJUN,TPC,TPC,Party Contacted,Father,Spoke to family member,2026-01-23T18:37:00,0,,ADR_7_00,,,
DRN_KRAM_0161,TELECALLING,CR_005_VIKRAM,CT_IKRAM,HUNG_UP,NC,,,,2026-01-24T09:05:00,0,,ADR_5_00,,,
DRN_RIYA_0043,TELECALLING,CR_002_PRIYA,CT_PRIYA,NC,NC,NC Reason,Not Reachable,,2026-01-24T13:43:00,0,,ADR_2_00,,,
DRN_AMIT_0109,FIELD,CR_003_AMIT,CT__AMIT,DL,NC,,,,2026-01-24T14:46:00,0,,ADR_3_00,1.0,18.520146028907792,73.8571744987268
DRN_RIYA_0152,TELECALLING,CR_002_PRIYA,CT_PRIYA,NC,NC,NC Reason,Not Reachable,,2026-01-24T15:20:00,0,,ADR_2_00,,,
DRN_RIYA_0078,FIELD,CR_002_PRIYA,CT_PRIYA,DL,NC,,,,2026-01-24T16:49:00,0,,ADR_2_00,1.0,19.076652036655453,72.87691452274137
DRN_VITA_0088,AUTODIALER,CR_008_KAVITA,CT_AVITA,RNR,NC,RNR Reason,No Answer,,2026-01-25T10:58:00,0,,ADR_8_00,,,
DRN_VITA_0050,AUTODIALER,CR_008_KAVITA,CT_AVITA,RNR,NC,RNR Reason,Customer Disconnected,,2026-01-25T14:36:00,0,,ADR_8_00,,,
DRN_AMIT_0192,AUTODIALER,CR_003_AMIT,CT__AMIT,HUNG_UP,NC,,,,2026-01-26T10:42:00,0,,ADR_3_00,,,
DRN_AMIT_0093,AUTODIALER,CR_003_AMIT,CT__AMIT,RNR,NC,RNR Reason,No Answer,,2026-01-26T11:28:00,0,,ADR_3_00,,,
DRN_RIYA_0130,AUTODIALER,CR_002_PRIYA,CT_PRIYA,NC,NC,NC Reason,Auto Disconnect,,2026-01-27T11:09:00,0,,ADR_2_00,,,
DRN_EERA_0011,TELECALLING,CR_006_MEERA,CT_MEERA,LB,RPC,,,,2026-01-27T14:00:00,0,,ADR_6_00,,,
DRN_AMIT_0160,AUTODIALER,CR_003_AMIT,CT__AMIT,HUNG_UP,NC,,,,2026-01-28T10:40:00,0,,ADR_3_00,,,
DRN_AMIT_0018,AUTODIALER,CR_003_AMIT,CT__AMIT,WN,NC,,,,2026-01-28T18:48:00,0,,ADR_3_00,,,
DRN_RIYA_0100,TELECALLING,CR_002_PRIYA,CT_PRIYA,RNR,NC,RNR Reason,Customer Disconnected,,2026-01-28T18:54:00,0,,ADR_2_00,,,
DRN_AMIT_0003,VOICEBOT,CR_003_AMIT,CT__AMIT,RNR,NC,RNR Reason,No Answer,,2026-01-28T18:55:00,0,,ADR_3_00,,,
DRN_RIYA_0187,TELECALLING,CR_002_PRIYA,CT_PRIYA,NC,NC,NC Reason,Switch off,,2026-01-29T09:03:00,0,,ADR_2_00,,,
DRN_AMIT_0069,AUTODIALER,CR_003_AMIT,CT__AMIT,CB,RPC,,,Will call back,2026-01-29T10:04:00,0,,ADR_3_00,,,
DRN_AMIT_0184,AUTODIALER,CR_003_AMIT,CT__AMIT,WN,NC,,,,2026-01-29T12:56:00,0,,ADR_3_00,,,
DRN_RIYA_0162,AUTODIALER,CR_002_PRIYA,CT_PRIYA,FPTP,RPC,Payment Mode,Online,,2026-01-29T13:22:00,0,2026-02-28T00:00:00,ADR_2_00,,,
DRN_RIYA_0075,TELECALLING,CR_002_PRIYA,CT_PRIYA,HUNG_UP,NC,,,,2026-01-29T16:01:00,0,,ADR_2_00,,,
DRN_AMIT_0021,FIELD,CR_003_AMIT,CT__AMIT,ANF,NC,,,,2026-01-30T11:02:00,0,,ADR_3_00,1.0,18.520101399532994,73.85588781256254
DRN_RIYA_0183,VOICEBOT,CR_002_PRIYA,CT_PRIYA,TPC,TPC,Party Contacted,Spouse,Spoke to family member,2026-01-30T16:49:00,0,,ADR_2_00,,,
DRN_AMIT_0080,AUTODIALER,CR_003_AMIT,CT__AMIT,RNR,NC,RNR Reason,No Answer,,2026-01-30T17:16:00,0,,ADR_3_00,,,
DRN_AMIT_0189,AUTODIALER,CR_003_AMIT,CT__AMIT,PTP,RPC,Payment Mode,Casa Debit,Customer travelling,2026-01-30T17:46:00,0,2026-02-05T00:00:00,ADR_3_00,,,
DRN_VITA_0119,TELECALLING,CR_008_KAVITA,CT_AVITA,NC,NC,NC Reason,Auto Disconnect,,2026-01-30T17:50:00,0,,ADR_8_00,,,
DRN_RIYA_0003,TELECALLING,CR_002_PRIYA,CT_PRIYA,FPTP,RPC,Payment Mode,Online,,2026-01-31T10:14:00,0,2026-02-14T00:00:00,ADR_2_00,,,
DRN_RIYA_0022,AUTODIALER,CR_002_PRIYA,CT_PRIYA,NC,NC,NC Reason,Out of Service,,2026-01-31T10:38:00,0,,ADR_2_00,,,
DRN_RIYA_0194,AUTODIALER,CR_002_PRIYA,CT_PRIYA,NC,NC,NC Reason,Out of Service,,2026-01-31T11:51:00,0,,ADR_2_00,,,
DRN_RIYA_0140,FIELD,CR_002_PRIYA,CT_PRIYA,LB,RPC,,,Could not communicate,2026-01-31T12:44:00,0,,ADR_2_00,1.0,19.07621083078964,72.87672541531589
DRN_RIYA_0168,AUTODIALER,CR_002_PRIYA,CT_PRIYA,PTP,RPC,Payment Mode,Casa Debit,Promised to pay next week,2026-01-31T12:52:00,0,2026-02-02T00:00:00,ADR_2_00,,,
DRN_AMIT_0085,AUTODIALER,CR_003_AMIT,CT__AMIT,HUNG_UP,NC,,,,2026-01-31T13:12:00,0,,ADR_3_00,,,
DRN_RIYA_0080,FIELD,CR_002_PRIYA,CT_PRIYA,ANF,NC,,,,2026-01-31T17:12:00,0,,ADR_2_00,1.0,19.07656766606543,72.87789143396733
DRN_RIYA_0028,AUTODIALER,CR_002_PRIYA,CT_PRIYA,CB,RPC,,,Will call back,2026-01-31T19:08:00,0,,ADR_2_00,,,
DRN_AMIT_0152,TELECALLING,CR_003_AMIT,CT__AMIT,WN,NC,,,,2026-02-01T10:22:00,0,,ADR_3_00,,,
DRN_VITA_0087,AUTODIALER,CR_008_KAVITA,CT_AVITA,RNR,NC,RNR Reason,No Answer,,2026-02-01T11:01:00,0,,ADR_8_00,,,
DRN_RIYA_0062,AUTODIALER,CR_002_PRIYA,CT_PRIYA,NC,NC,NC Reason,Switch off,,2026-02-01T11:14:00,0,,ADR_2_00,,,
DRN_RIYA_0068,AUTODIALER,CR_002_PRIYA,CT_PRIYA,UTP,RPC,UTP Reason,Medical Issue,,2026-02-01T16:12:00,0,,ADR_2_00,,,
DRN_AMIT_0177,AUTODIALER,CR_003_AMIT,CT__AMIT,TPC,TPC,Party Contacted,Father,Spoke to family member,2026-02-01T18:08:00,0,,ADR_3_00,,,
DRN_AMIT_0149,AUTODIALER,CR_003_AMIT,CT__AMIT,TPC,TPC,Party Contacted,Mother,Spoke to family member,2026-02-01T18:15:00,0,,ADR_3_00,,,
DRN_RIYA_0026,AUTODIALER,CR_002_PRIYA,CT_PRIYA,PTP,RPC,Payment Mode,Online,"Door was locked, neighbours unaware",2026-02-02T16:15:00,0,2026-02-04T00:00:00,ADR_2_00,,,
DRN_RIYA_0185,AUTODIALER,CR_002_PRIYA,CT_PRIYA,NC,NC,NC Reason,Number busy,,2026-02-03T16:01:00,0,,ADR_2_00,,,
DRN_RIYA_0055,AUTODIALER,CR_002_PRIYA,CT_PRIYA,TPC,TPC,Party Contacted,Father,Spoke to family member,2026-02-03T17:14:00,0,,ADR_2_00,,,
DRN_AMIT_0101,TELECALLING,CR_003_AMIT,CT__AMIT,RNR,NC,RNR Reason,Customer Disconnected,,2026-02-04T15:16:00,0,,ADR_3_00,,,
DRN_RIYA_0148,AUTODIALER,CR_002_PRIYA,CT_PRIYA,TPC,TPC,Party Contacted,Brother,Spoke to family member,2026-02-04T15:17:00,0,,ADR_2_00,,,
DRN_KRAM_0172,TELECALLING,CR_005_VIKRAM,CT_IKRAM,NC,NC,NC Reason,Auto Disconnect,,2026-02-04T15:58:00,0,,ADR_5_00,,,
DRN_AMIT_0033,AUTODIALER,CR_003_AMIT,CT__AMIT,HUNG_UP,NC,,,,2026-02-05T18:30:00,0,,ADR_3_00,,,
DRN_RIYA_0132,TELECALLING,CR_002_PRIYA,CT_PRIYA,HUNG_UP,NC,,,,2026-02-06T12:52:00,0,,ADR_2_00,,,
DRN_RIYA_0190,AUTODIALER,CR_002_PRIYA,CT_PRIYA,WN,NC,,,,2026-02-06T13:50:00,0,,ADR_2_00,,,
DRN_RIYA_0066,FIELD,CR_002_PRIYA,CT_PRIYA,PTP,RPC,Payment Mode,Online,Says cash flow issue this month,2026-02-06T19:41:00,0,2026-02-08T00:00:00,ADR_2_00,1.0,19.078212472030412,72.87549883231907
DRN_RIYA_0180,TELECALLING,CR_002_PRIYA,CT_PRIYA,NC,NC,NC Reason,Not Reachable,,2026-02-07T10:58:00,0,,ADR_2_00,,,
DRN_RIYA_0001,AUTODIALER,CR_002_PRIYA,CT_PRIYA,WN,NC,,,,2026-02-07T12:12:00,0,,ADR_2_00,,,
DRN_RIYA_0161,FIELD,CR_002_PRIYA,CT_PRIYA,OS,NC,,,,2026-02-07T12:17:00,0,,ADR_2_00,1.0,19.076559693378712,72.87763880324594
DRN_AMIT_0121,AUTODIALER,CR_003_AMIT,CT__AMIT,RNR,NC,RNR Reason,No Answer,,2026-02-07T13:48:00,0,,ADR_3_00,,,
DRN_AMIT_0094,VOICEBOT,CR_003_AMIT,CT__AMIT,FPTP,RPC,Payment Mode,Online,,2026-02-07T14:00:00,0,2026-02-20T00:00:00,ADR_3_00,,,
DRN_RIYA_0127,TELECALLING,CR_002_PRIYA,CT_PRIYA,RNR,NC,RNR Reason,No Answer,,2026-02-07T17:00:00,0,,ADR_2_00,,,
DRN_AMIT_0133,TELECALLING,CR_003_AMIT,CT__AMIT,WN,NC,,,,2026-02-08T09:01:00,0,,ADR_3_00,,,
DRN_AMIT_0039,FIELD,CR_003_AMIT,CT__AMIT,DL,NC,,,,2026-02-08T10:31:00,0,,ADR_3_00,1.0,18.520220835661377,73.85679989272931
DRN_RIYA_0039,AUTODIALER,CR_002_PRIYA,CT_PRIYA,NC,NC,NC Reason,Not Reachable,,2026-02-08T10:47:00,0,,ADR_2_00,,,
DRN_RIYA_0076,AUTODIALER,CR_002_PRIYA,CT_PRIYA,NC,NC,NC Reason,Not Reachable,,2026-02-08T10:51:00,0,,ADR_2_00,,,
DRN_AMIT_0084,FIELD,CR_003_AMIT,CT__AMIT,NOT_PRESENT,NC,,,,2026-02-08T12:07:00,0,,ADR_3_00,1.0,18.52107897189805,73.85651219768273
DRN_AMIT_0075,TELECALLING,CR_003_AMIT,CT__AMIT,CB,RPC,,,Will call back,2026-02-08T13:59:00,0,,ADR_3_00,,,
DRN_AMIT_0072,FIELD,CR_003_AMIT,CT__AMIT,OS,NC,,,,2026-02-08T16:15:00,0,,ADR_3_00,1.0,18.521193887978978,73.85575052720992
DRN_VITA_0079,AUTODIALER,CR_008_KAVITA,CT_AVITA,WN,NC,,,,2026-02-08T16:30:00,0,,ADR_8_00,,,
DRN_AMIT_0051,TELECALLING,CR_003_AMIT,CT__AMIT,PTP,RPC,Payment Mode,Casa Debit,Customer travelling,2026-02-08T17:00:00,0,2026-02-10T00:00:00,ADR_3_00,,,
DRN_KRAM_0050,AUTODIALER,CR_005_VIKRAM,CT_IKRAM,FPTP,RPC,Payment Mode,Online,,2026-02-08T18:36:00,0,2026-02-28T00:00:00,ADR_5_00,,,
DRN_RIYA_0097,VOICEBOT,CR_002_PRIYA,CT_PRIYA,HUNG_UP,NC,,,,2026-02-09T11:33:00,0,,ADR_2_00,,,
DRN_AMIT_0117,AUTODIALER,CR_003_AMIT,CT__AMIT,PTP,RPC,Payment Mode,Casa Debit,"Spoke briefly, busy",2026-02-09T14:00:00,0,2026-02-14T00:00:00,ADR_3_00,,,
DRN_KRAM_0097,TELECALLING,CR_005_VIKRAM,CT_IKRAM,HUNG_UP,NC,,,,2026-02-09T14:45:00,0,,ADR_5_01,,,
DRN_RIYA_0116,FIELD,CR_002_PRIYA,CT_PRIYA,LB,RPC,,,Could not communicate,2026-02-10T12:09:00,0,,ADR_2_00,1.0,19.076629834528745,72.87840605652745
DRN_RIYA_0118,TELECALLING,CR_002_PRIYA,CT_PRIYA,PTP,RPC,Payment Mode,Casa Debit,"Door was locked, neighbours unaware",2026-02-10T12:26:00,0,2026-02-16T00:00:00,ADR_2_00,,,
DRN_VITA_0055,AUTODIALER,CR_008_KAVITA,CT_AVITA,FPTP,RPC,Payment Mode,Online,,2026-02-10T13:23:00,0,2026-03-05T00:00:00,ADR_8_00,,,
DRN_VITA_0007,FIELD,CR_008_KAVITA,CT_AVITA,OS,NC,,,,2026-02-11T14:51:00,0,,ADR_8_00,1.0,22.572550613146014,88.36352496874633
DRN_RIYA_0137,TELECALLING,CR_002_PRIYA,CT_PRIYA,NC,NC,NC Reason,Not Reachable,,2026-02-11T17:49:00,0,,ADR_2_00,,,
DRN_OOJA_0019,TELECALLING,CR_010_POOJA,CT_POOJA,TPC,TPC,Party Contacted,Father,Spoke to family member,2026-02-12T18:07:00,0,,ADR_10_00,,,
DRN_RIYA_0103,TELECALLING,CR_002_PRIYA,CT_PRIYA,HUNG_UP,NC,,,,2026-02-12T18:15:00,0,,ADR_2_00,,,
DRN_AMIT_0136,FIELD,CR_003_AMIT,CT__AMIT,OS,NC,,,,2026-02-13T13:41:00,0,,ADR_3_00,1.0,18.52092661706554,73.85725198338103
DRN_AMIT_0023,AUTODIALER,CR_003_AMIT,CT__AMIT,PTP,RPC,Payment Mode,Casa Debit,Customer travelling,2026-02-13T15:38:00,0,2026-02-15T00:00:00,ADR_3_00,,,
DRN_AMIT_0162,TELECALLING,CR_003_AMIT,CT__AMIT,TPC,TPC,Party Contacted,Brother,Spoke to family member,2026-02-13T17:13:00,0,,ADR_3_00,,,
DRN_RIYA_0122,AUTODIALER,CR_002_PRIYA,CT_PRIYA,NC,NC,NC Reason,Switch off,,2026-02-14T09:34:00,0,,ADR_2_00,,,
DRN_RIYA_0119,AUTODIALER,CR_002_PRIYA,CT_PRIYA,FPTP,RPC,Payment Mode,Online,,2026-02-14T09:59:00,0,2026-02-25T00:00:00,ADR_2_00,,,
DRN_AMIT_0112,AUTODIALER,CR_003_AMIT,CT__AMIT,HUNG_UP,NC,,,,2026-02-14T11:09:00,0,,ADR_3_00,,,
DRN_AMIT_0195,TELECALLING,CR_003_AMIT,CT__AMIT,DOUBTFUL,RPC,,,"Behaviour seems different from last visit, not committing",2026-02-14T18:59:00,0,,ADR_3_00,,,
DRN_AMIT_0104,TELECALLING,CR_003_AMIT,CT__AMIT,NC,NC,NC Reason,Not Reachable,,2026-02-15T11:55:00,0,,ADR_3_00,,,
DRN_KRAM_0026,TELECALLING,CR_005_VIKRAM,CT_IKRAM,WN,NC,,,,2026-02-15T12:21:00,0,,ADR_5_01,,,
DRN_AMIT_0126,TELECALLING,CR_003_AMIT,CT__AMIT,RNR,NC,RNR Reason,No Answer,,2026-02-15T18:11:00,0,,ADR_3_00,,,
DRN_RIYA_0094,FIELD,CR_002_PRIYA,CT_PRIYA,OS,NC,,,,2026-02-16T09:27:00,0,,ADR_2_00,1.0,19.075781462233188,72.87750994688278
DRN_OOJA_0059,FIELD,CR_010_POOJA,CT_POOJA,OS,NC,,,,2026-02-16T09:40:00,0,,ADR_10_00,1.0,26.912176978710576,75.78656709537891
DRN_AMIT_0173,TELECALLING,CR_003_AMIT,CT__AMIT,WN,NC,,,,2026-02-16T11:56:00,0,,ADR_3_00,,,
DRN_AMIT_0143,AUTODIALER,CR_003_AMIT,CT__AMIT,RNR,NC,RNR Reason,No Answer,,2026-02-16T13:01:00,0,,ADR_3_00,,,
DRN_AMIT_0025,FIELD,CR_003_AMIT,CT__AMIT,DL,NC,,,,2026-02-16T14:15:00,0,,ADR_3_00,1.0,18.520434748988546,73.85761572197795
DRN_RIYA_0063,VOICEBOT,CR_002_PRIYA,CT_PRIYA,HUNG_UP,NC,,,,2026-02-16T17:40:00,0,,ADR_2_00,,,
DRN_RIYA_0171,TELECALLING,CR_002_PRIYA,CT_PRIYA,TPC,TPC,Party Contacted,Father,Spoke to family member,2026-02-16T19:04:00,0,,ADR_2_00,,,
DRN_AMIT_0070,VOICEBOT,CR_003_AMIT,CT__AMIT,HUNG_UP,NC,,,,2026-02-17T10:14:00,0,,ADR_3_00,,,
DRN_KRAM_0114,TELECALLING,CR_005_VIKRAM,CT_IKRAM,RNR,NC,RNR Reason,Customer Disconnected,,2026-02-17T14:54:00,0,,ADR_5_00,,,
DRN_RIYA_0008,AUTODIALER,CR_002_PRIYA,CT_PRIYA,RTP,RPC,,,Refused to pay,2026-02-18T15:55:00,0,,ADR_2_00,,,
DRN_AMIT_0113,VOICEBOT,CR_003_AMIT,CT__AMIT,HUNG_UP,NC,,,,2026-02-18T17:44:00,0,,ADR_3_00,,,
DRN_AMIT_0053,TELECALLING,CR_003_AMIT,CT__AMIT,WN,NC,,,,2026-02-18T18:07:00,0,,ADR_3_00,,,
DRN_OOJA_0031,FIELD,CR_010_POOJA,CT_POOJA,PTP,RPC,Payment Mode,Online,Will call back,2026-02-19T13:00:00,0,2026-02-24T00:00:00,ADR_10_00,1.0,26.916257628003294,75.79060286526048
DRN_AMIT_0106,AUTODIALER,CR_003_AMIT,CT__AMIT,RNR,NC,RNR Reason,Customer Disconnected,,2026-02-19T18:03:00,0,,ADR_3_00,,,
DRN_RIYA_0198,FIELD,CR_002_PRIYA,CT_PRIYA,OS,NC,,,,2026-02-20T12:13:00,0,,ADR_2_00,1.0,19.07595317245284,72.87787865726654
DRN_AMIT_0183,AUTODIALER,CR_003_AMIT,CT__AMIT,RNR,NC,RNR Reason,Customer Disconnected,,2026-02-20T13:12:00,0,,ADR_3_00,,,
DRN_VITA_0056,AUTODIALER,CR_008_KAVITA,CT_AVITA,NC,NC,NC Reason,Switch off,,2026-02-20T16:20:00,0,,ADR_8_00,,,
DRN_AMIT_0163,AUTODIALER,CR_003_AMIT,CT__AMIT,WN,NC,,,,2026-02-21T11:40:00,0,,ADR_3_00,,,
DRN_KRAM_0107,TELECALLING,CR_005_VIKRAM,CT_IKRAM,DOUBTFUL,RPC,,,"Behaviour seems different from last visit, not committing",2026-02-21T18:05:00,0,,ADR_5_01,,,
DRN_RIYA_0200,FIELD,CR_002_PRIYA,CT_PRIYA,DL,NC,,,,2026-02-22T11:20:00,0,,ADR_2_00,1.0,19.07626548492109,72.87827469509664
DRN_RIYA_0002,TELECALLING,CR_002_PRIYA,CT_PRIYA,WN,NC,,,,2026-02-22T13:12:00,0,,ADR_2_00,,,
DRN_RIYA_0114,TELECALLING,CR_002_PRIYA,CT_PRIYA,WN,NC,,,,2026-02-22T14:16:00,0,,ADR_2_00,,,
DRN_AMIT_0046,FIELD,CR_003_AMIT,CT__AMIT,OS,NC,,,,2026-02-22T17:14:00,0,,ADR_3_00,1.0,18.52129579986051,73.85705295441849
DRN_RIYA_0124,TELECALLING,CR_002_PRIYA,CT_PRIYA,TPC,TPC,Party Contacted,Spouse,Spoke to family member,2026-02-22T17:19:00,0,,ADR_2_00,,,
DRN_AMIT_0068,AUTODIALER,CR_003_AMIT,CT__AMIT,RNR,NC,RNR Reason,Customer Disconnected,,2026-02-23T09:24:00,0,,ADR_3_00,,,
DRN_AMIT_0154,AUTODIALER,CR_003_AMIT,CT__AMIT,HUNG_UP,NC,,,,2026-02-23T09:41:00,0,,ADR_3_00,,,
DRN_RIYA_0086,TELECALLING,CR_002_PRIYA,CT_PRIYA,NC,NC,NC Reason,Switch off,,2026-02-24T09:30:00,0,,ADR_2_00,,,
DRN_RIYA_0179,VOICEBOT,CR_002_PRIYA,CT_PRIYA,NC,NC,NC Reason,Number busy,,2026-02-24T09:42:00,0,,ADR_2_00,,,
DRN_RIYA_0176,VOICEBOT,CR_002_PRIYA,CT_PRIYA,WN,NC,,,,2026-02-24T10:21:00,0,,ADR_2_00,,,
DRN_AMIT_0011,AUTODIALER,CR_003_AMIT,CT__AMIT,LB,RPC,,,,2026-02-24T13:11:00,0,,ADR_3_00,,,
DRN_RIYA_0111,VOICEBOT,CR_002_PRIYA,CT_PRIYA,RNR,NC,RNR Reason,Customer Disconnected,,2026-02-24T14:02:00,0,,ADR_2_00,,,
DRN_RIYA_0059,TELECALLING,CR_002_PRIYA,CT_PRIYA,RNR,NC,RNR Reason,Customer Disconnected,,2026-02-24T15:41:00,0,,ADR_2_00,,,
DRN_AMIT_0105,TELECALLING,CR_003_AMIT,CT__AMIT,NC,NC,NC Reason,Not Reachable,,2026-02-24T19:25:00,0,,ADR_3_00,,,
DRN_KRAM_0111,AUTODIALER,CR_005_VIKRAM,CT_IKRAM,HUNG_UP,NC,,,,2026-02-25T09:49:00,0,,ADR_5_01,,,
DRN_KRAM_0067,AUTODIALER,CR_005_VIKRAM,CT_IKRAM,FPTP,RPC,Payment Mode,Online,,2026-02-25T11:08:00,0,2026-03-21T00:00:00,ADR_5_00,,,
DRN_RIYA_0036,AUTODIALER,CR_002_PRIYA,CT_PRIYA,WN,NC,,,,2026-02-25T17:08:00,0,,ADR_2_00,,,
DRN_AMIT_0045,AUTODIALER,CR_003_AMIT,CT__AMIT,WN,NC,,,,2026-02-25T17:52:00,0,,ADR_3_00,,,
DRN_RIYA_0061,AUTODIALER,CR_002_PRIYA,CT_PRIYA,PTP,RPC,Payment Mode,Online,Asked for time,2026-02-26T11:33:00,0,2026-02-28T00:00:00,ADR_2_00,,,
DRN_AMIT_0128,AUTODIALER,CR_003_AMIT,CT__AMIT,DOUBTFUL,RPC,,,Did not give straight answer on payment date,2026-02-26T12:45:00,0,,ADR_3_00,,,
DRN_RIYA_0017,AUTODIALER,CR_002_PRIYA,CT_PRIYA,WN,NC,,,,2026-02-26T17:25:00,0,,ADR_2_00,,,
DRN_KRAM_0182,AUTODIALER,CR_005_VIKRAM,CT_IKRAM,NC,NC,NC Reason,Not Reachable,,2026-02-26T17:39:00,0,,ADR_5_01,,,
DRN_AMIT_0110,AUTODIALER,CR_003_AMIT,CT__AMIT,HUNG_UP,NC,,,,2026-02-26T18:07:00,0,,ADR_3_00,,,
DRN_RIYA_0173,TELECALLING,CR_002_PRIYA,CT_PRIYA,WN,NC,,,,2026-02-27T19:08:00,0,,ADR_2_00,,,
DRN_RIYA_0033,AUTODIALER,CR_002_PRIYA,CT_PRIYA,NC,NC,NC Reason,Switch off,,2026-02-28T13:52:00,0,,ADR_2_00,,,
DRN_AMIT_0034,FIELD,CR_003_AMIT,CT__AMIT,PAID,RPC,,,,2026-02-28T14:10:00,0,,ADR_3_00,1.0,18.52547681946381,73.85551662138973
DRN_AMIT_0159,FIELD,CR_003_AMIT,CT__AMIT,ANF,NC,,,,2026-02-28T15:22:00,0,,ADR_3_00,1.0,18.521049981627307,73.85728274037754
DRN_RIYA_0004,AUTODIALER,CR_002_PRIYA,CT_PRIYA,CB,RPC,,,Will call back,2026-02-28T19:05:00,0,,ADR_2_00,,,
DRN_AMIT_0199,AUTODIALER,CR_003_AMIT,CT__AMIT,CB,RPC,,,Will call back,2026-03-01T15:36:00,0,,ADR_3_00,,,
DRN_RIYA_0045,FIELD,CR_002_PRIYA,CT_PRIYA,DL,NC,,,,2026-03-01T17:28:00,0,,ADR_2_00,1.0,19.075035008911634,72.87761794164594
DRN_RIYA_0019,AUTODIALER,CR_002_PRIYA,CT_PRIYA,PTP,RPC,Payment Mode,Online,No commitment given,2026-03-02T10:05:00,0,2026-03-04T00:00:00,ADR_2_00,,,
DRN_AMIT_0155,TELECALLING,CR_003_AMIT,CT__AMIT,TPC,TPC,Party Contacted,Brother,Spoke to family member,2026-03-02T15:27:00,0,,ADR_3_00,,,
DRN_RIYA_0144,AUTODIALER,CR_002_PRIYA,CT_PRIYA,HUNG_UP,NC,,,,2026-03-02T17:09:00,0,,ADR_2_00,,,
DRN_RIYA_0056,VOICEBOT,CR_002_PRIYA,CT_PRIYA,RNR,NC,RNR Reason,No Answer,,2026-03-03T10:11:00,0,,ADR_2_00,,,
DRN_KRAM_0162,AUTODIALER,CR_005_VIKRAM,CT_IKRAM,CB,RPC,,,Will call back,2026-03-03T10:29:00,0,,ADR_5_01,,,
DRN_AMIT_0172,AUTODIALER,CR_003_AMIT,CT__AMIT,TPC,TPC,Party Contacted,Mother,Spoke to family member,2026-03-03T10:37:00,0,,ADR_3_00,,,
DRN_RIYA_0060,AUTODIALER,CR_002_PRIYA,CT_PRIYA,WN,NC,,,,2026-03-03T16:37:00,0,,ADR_2_00,,,
DRN_AMIT_0166,TELECALLING,CR_003_AMIT,CT__AMIT,TPC,TPC,Party Contacted,Spouse,Spoke to family member,2026-03-03T17:09:00,0,,ADR_3_00,,,
DRN_VITA_0022,FIELD,CR_008_KAVITA,CT_AVITA,OS,NC,,,,2026-03-04T09:24:00,0,,ADR_8_00,1.0,22.572771739658396,88.36406081367903
DRN_AMIT_0067,TELECALLING,CR_003_AMIT,CT__AMIT,RNR,NC,RNR Reason,No Answer,,2026-03-04T10:43:00,0,,ADR_3_00,,,
DRN_AMIT_0048,FIELD,CR_003_AMIT,CT__AMIT,DL,NC,,,,2026-03-04T10:52:00,0,,ADR_3_00,1.0,18.52012543377158,73.85643331542282
DRN_AMIT_0096,AUTODIALER,CR_003_AMIT,CT__AMIT,RNR,NC,RNR Reason,Customer Disconnected,,2026-03-04T13:00:00,0,,ADR_3_00,,,
DRN_KRAM_0128,AUTODIALER,CR_005_VIKRAM,CT_IKRAM,RNR,NC,RNR Reason,No Answer,,2026-03-04T17:29:00,0,,ADR_5_01,,,
DRN_RIYA_0073,AUTODIALER,CR_002_PRIYA,CT_PRIYA,FPTP,RPC,Payment Mode,Online,,2026-03-04T17:48:00,0,2026-03-14T00:00:00,ADR_2_00,,,
DRN_AMIT_0097,FIELD,CR_003_AMIT,CT__AMIT,OS,NC,,,,2026-03-04T19:55:00,0,,ADR_3_00,1.0,18.520256750085522,73.85676939065321
DRN_AMIT_0076,TELECALLING,CR_003_AMIT,CT__AMIT,HUNG_UP,NC,,,,2026-03-05T09:56:00,0,,ADR_3_00,,,
DRN_RIYA_0139,AUTODIALER,CR_002_PRIYA,CT_PRIYA,WN,NC,,,,2026-03-05T10:31:00,0,,ADR_2_00,,,
DRN_RIYA_0064,TELECALLING,CR_002_PRIYA,CT_PRIYA,LB,RPC,,,,2026-03-05T12:24:00,0,,ADR_2_00,,,
DRN_KRAM_0196,VOICEBOT,CR_005_VIKRAM,CT_IKRAM,HUNG_UP,NC,,,,2026-03-05T17:08:00,0,,ADR_5_01,,,
DRN_EERA_0014,TELECALLING,CR_006_MEERA,CT_MEERA,TPC,TPC,Party Contacted,Father,Spoke to family member,2026-03-05T17:24:00,0,,ADR_6_00,,,
DRN_KRAM_0178,TELECALLING,CR_005_VIKRAM,CT_IKRAM,WN,NC,,,,2026-03-06T12:16:00,0,,ADR_5_00,,,
DRN_RIYA_0175,AUTODIALER,CR_002_PRIYA,CT_PRIYA,BPTP,RPC,,,,2026-03-06T15:21:00,0,,ADR_2_00,,,
DRN_RIYA_0104,AUTODIALER,CR_002_PRIYA,CT_PRIYA,NC,NC,NC Reason,Auto Disconnect,,2026-03-06T16:29:00,0,,ADR_2_00,,,
DRN_VITA_0093,AUTODIALER,CR_008_KAVITA,CT_AVITA,RNR,NC,RNR Reason,Customer Disconnected,,2026-03-06T17:25:00,0,,ADR_8_00,,,
DRN_AMIT_0050,TELECALLING,CR_003_AMIT,CT__AMIT,RNR,NC,RNR Reason,Customer Disconnected,,2026-03-07T11:03:00,0,,ADR_3_00,,,
DRN_RIYA_0067,AUTODIALER,CR_002_PRIYA,CT_PRIYA,PTP,RPC,Payment Mode,Casa Debit,Customer travelling,2026-03-07T15:23:00,0,2026-03-09T00:00:00,ADR_2_00,,,
DRN_RIYA_0182,AUTODIALER,CR_002_PRIYA,CT_PRIYA,UTP,RPC,UTP Reason,Medical Issue,,2026-03-07T15:36:00,0,,ADR_2_00,,,
DRN_JESH_0003,TELECALLING,CR_001_RAJESH,CT_AJESH,NC,NC,NC Reason,Auto Disconnect,,2026-03-08T09:39:00,0,,ADR_1_00,,,
DRN_RIYA_0184,TELECALLING,CR_002_PRIYA,CT_PRIYA,PTP,RPC,Payment Mode,Casa Debit,Customer not responsive,2026-03-08T09:43:00,0,2026-03-10T00:00:00,ADR_2_00,,,
DRN_AMIT_0060,AUTODIALER,CR_003_AMIT,CT__AMIT,RNR,NC,RNR Reason,No Answer,,2026-03-08T11:10:00,0,,ADR_3_00,,,
DRN_RIYA_0058,FIELD,CR_002_PRIYA,CT_PRIYA,DL,NC,,,,2026-03-08T11:43:00,0,,ADR_2_00,1.0,19.075555032693956,72.87863537052513
DRN_RIYA_0157,FIELD,CR_002_PRIYA,CT_PRIYA,DL,NC,,,,2026-03-08T15:25:00,0,,ADR_2_00,1.0,19.076275137619028,72.87720491543523
DRN_AMIT_0178,FIELD,CR_003_AMIT,CT__AMIT,NOT_PRESENT,NC,,,,2026-03-08T17:16:00,0,,ADR_3_00,1.0,18.519772292116116,73.85677776983492
DRN_RIYA_0178,AUTODIALER,CR_002_PRIYA,CT_PRIYA,FPTP,RPC,Payment Mode,Online,,2026-03-09T09:50:00,0,2026-04-06T00:00:00,ADR_2_00,,,
DRN_RIYA_0029,VOICEBOT,CR_002_PRIYA,CT_PRIYA,HUNG_UP,NC,,,,2026-03-09T15:10:00,0,,ADR_2_00,,,
DRN_AMIT_0107,AUTODIALER,CR_003_AMIT,CT__AMIT,TPC,TPC,Party Contacted,Spouse,Spoke to family member,2026-03-09T16:19:00,0,,ADR_3_00,,,
DRN_RIYA_0081,FIELD,CR_002_PRIYA,CT_PRIYA,PAID,RPC,,,,2026-03-10T10:04:00,0,,ADR_2_00,1.0,19.075082952395086,72.87749015505491
DRN_AMIT_0042,TELECALLING,CR_003_AMIT,CT__AMIT,WN,NC,,,,2026-03-10T15:28:00,0,,ADR_3_00,,,
DRN_AMIT_0040,VOICEBOT,CR_003_AMIT,CT__AMIT,HUNG_UP,NC,,,,2026-03-10T18:38:00,0,,ADR_3_00,,,
DRN_RIYA_0129,AUTODIALER,CR_002_PRIYA,CT_PRIYA,TPC,TPC,Party Contacted,Mother,Spoke to family member,2026-03-11T09:27:00,0,,ADR_2_00,,,
DRN_AMIT_0171,FIELD,CR_003_AMIT,CT__AMIT,FORECLOSURE_REQUEST,RPC,,,,2026-03-11T10:48:00,0,,ADR_3_00,1.0,18.51921988169103,73.85585179736549
DRN_RIYA_0079,FIELD,CR_002_PRIYA,CT_PRIYA,ANF,NC,,,,2026-03-11T13:52:00,0,,ADR_2_00,1.0,19.075017410364786,72.87856211247353
DRN_AMIT_0062,AUTODIALER,CR_003_AMIT,CT__AMIT,HUNG_UP,NC,,,,2026-03-11T17:15:00,0,,ADR_3_00,,,
DRN_AMIT_0063,AUTODIALER,CR_003_AMIT,CT__AMIT,TPC,TPC,Party Contacted,Brother,Spoke to family member,2026-03-11T19:01:00,0,,ADR_3_00,,,
DRN_RIYA_0115,VOICEBOT,CR_002_PRIYA,CT_PRIYA,NC,NC,NC Reason,Not Reachable,,2026-03-12T12:11:00,0,,ADR_2_00,,,
DRN_AMIT_0091,AUTODIALER,CR_003_AMIT,CT__AMIT,RNR,NC,RNR Reason,Customer Disconnected,,2026-03-12T13:15:00,0,,ADR_3_00,,,
DRN_RIYA_0049,AUTODIALER,CR_002_PRIYA,CT_PRIYA,HUNG_UP,NC,,,,2026-03-12T15:07:00,0,,ADR_2_00,,,
DRN_RIYA_0196,AUTODIALER,CR_002_PRIYA,CT_PRIYA,NC,NC,NC Reason,Not Reachable,,2026-03-12T16:45:00,0,,ADR_2_00,,,
DRN_AMIT_0002,TELECALLING,CR_003_AMIT,CT__AMIT,RTP,RPC,,,Refused to pay,2026-03-13T09:29:00,0,,ADR_3_00,,,
DRN_AMIT_0004,FIELD,CR_003_AMIT,CT__AMIT,RTP,RPC,,,Customer refused to pay,2026-03-13T16:21:00,0,,ADR_3_00,1.0,18.52409999255858,73.8581670930654
DRN_AMIT_0065,AUTODIALER,CR_003_AMIT,CT__AMIT,RNR,NC,RNR Reason,Customer Disconnected,,2026-03-13T16:32:00,0,,ADR_3_00,,,
DRN_RIYA_0091,AUTODIALER,CR_002_PRIYA,CT_PRIYA,WN,NC,,,,2026-03-13T17:30:00,0,,ADR_2_00,,,
DRN_NJAY_0002,AUTODIALER,CR_009_SANJAY,CT_ANJAY,FPTP,RPC,Payment Mode,Online,,2026-03-14T09:59:00,0,2026-04-09T00:00:00,ADR_9_00,,,
DRN_AMIT_0012,AUTODIALER,CR_003_AMIT,CT__AMIT,RNR,NC,RNR Reason,No Answer,,2026-03-14T11:33:00,0,,ADR_3_00,,,
DRN_RIYA_0164,AUTODIALER,CR_002_PRIYA,CT_PRIYA,HUNG_UP,NC,,,,2026-03-14T11:33:00,0,,ADR_2_00,,,
DRN_RIYA_0047,AUTODIALER,CR_002_PRIYA,CT_PRIYA,HUNG_UP,NC,,,,2026-03-14T12:31:00,0,,ADR_2_00,,,
DRN_AMIT_0140,FIELD,CR_003_AMIT,CT__AMIT,OS,NC,,,,2026-03-14T12:40:00,0,,ADR_3_00,1.0,18.520283114084336,73.8574196696475
DRN_AMIT_0182,VOICEBOT,CR_003_AMIT,CT__AMIT,UTP,RPC,UTP Reason,Medical Issue,,2026-03-14T14:00:00,0,,ADR_3_00,,,
DRN_AMIT_0170,AUTODIALER,CR_003_AMIT,CT__AMIT,HUNG_UP,NC,,,,2026-03-14T14:15:00,0,,ADR_3_00,,,
DRN_AMIT_0061,AUTODIALER,CR_003_AMIT,CT__AMIT,FPTP,RPC,Payment Mode,Online,,2026-03-15T17:55:00,0,2026-04-01T00:00:00,ADR_3_00,,,
DRN_RIYA_0156,AUTODIALER,CR_002_PRIYA,CT_PRIYA,NC,NC,NC Reason,Out of Service,,2026-03-16T17:21:00,0,,ADR_2_00,,,
DRN_AMIT_0057,AUTODIALER,CR_003_AMIT,CT__AMIT,WN,NC,,,,2026-03-16T18:48:00,0,,ADR_3_00,,,
DRN_AMIT_0082,AUTODIALER,CR_003_AMIT,CT__AMIT,TPC,TPC,Party Contacted,Father,Spoke to family member,2026-03-16T19:30:00,0,,ADR_3_00,,,
DRN_AMIT_0064,FIELD,CR_003_AMIT,CT__AMIT,OS,NC,,,,2026-03-17T12:10:00,0,,ADR_3_00,1.0,18.52050995153253,73.85663410566205
DRN_RIYA_0018,AUTODIALER,CR_002_PRIYA,CT_PRIYA,TPC,TPC,Party Contacted,Mother,Spoke to family member,2026-03-17T14:35:00,0,,ADR_2_00,,,
DRN_AMIT_0122,FIELD,CR_003_AMIT,CT__AMIT,ANF,NC,,,,2026-03-17T14:56:00,0,,ADR_3_00,1.0,18.51952089804864,73.85637443264532
DRN_RIYA_0174,AUTODIALER,CR_002_PRIYA,CT_PRIYA,RNR,NC,RNR Reason,Customer Disconnected,,2026-03-17T15:21:00,0,,ADR_2_00,,,
DRN_RIYA_0057,TELECALLING,CR_002_PRIYA,CT_PRIYA,RNR,NC,RNR Reason,No Answer,,2026-03-17T15:24:00,0,,ADR_2_00,,,
DRN_AMIT_0197,AUTODIALER,CR_003_AMIT,CT__AMIT,TPC,TPC,Party Contacted,Spouse,Spoke to family member,2026-03-18T10:50:00,0,,ADR_3_00,,,
DRN_AMIT_0146,AUTODIALER,CR_003_AMIT,CT__AMIT,WN,NC,,,,2026-03-18T12:37:00,0,,ADR_3_00,,,
DRN_AMIT_0118,TELECALLING,CR_003_AMIT,CT__AMIT,NC,NC,NC Reason,Number busy,,2026-03-18T19:09:00,0,,ADR_3_00,,,
DRN_RIYA_0147,TELECALLING,CR_002_PRIYA,CT_PRIYA,RNR,NC,RNR Reason,Customer Disconnected,,2026-03-19T10:10:00,0,,ADR_2_00,,,
DRN_OOJA_0004,AUTODIALER,CR_010_POOJA,CT_POOJA,NC,NC,NC Reason,Not Reachable,,2026-03-19T11:14:00,0,,ADR_10_00,,,
DRN_AMIT_0005,FIELD,CR_003_AMIT,CT__AMIT,NOT_PRESENT,NC,,,,2026-03-19T11:28:00,0,,ADR_3_00,1.0,18.51976047933569,73.85660275535813
DRN_AMIT_0191,AUTODIALER,CR_003_AMIT,CT__AMIT,NC,NC,NC Reason,Number busy,,2026-03-19T16:09:00,0,,ADR_3_00,,,
DRN_RIYA_0189,AUTODIALER,CR_002_PRIYA,CT_PRIYA,RNR,NC,RNR Reason,No Answer,,2026-03-20T10:23:00,0,,ADR_2_00,,,
DRN_AMIT_0151,AUTODIALER,CR_003_AMIT,CT__AMIT,UTP,RPC,UTP Reason,Medical Issue,,2026-03-20T11:14:00,0,,ADR_3_00,,,
DRN_AMIT_0156,TELECALLING,CR_003_AMIT,CT__AMIT,WN,NC,,,,2026-03-20T15:51:00,0,,ADR_3_00,,,
DRN_RIYA_0069,FIELD,CR_002_PRIYA,CT_PRIYA,OS,NC,,,,2026-03-21T11:57:00,0,,ADR_2_00,1.0,19.076903853768464,72.87769152945891
DRN_AMIT_0180,AUTODIALER,CR_003_AMIT,CT__AMIT,HUNG_UP,NC,,,,2026-03-21T13:12:00,0,,ADR_3_00,,,
DRN_AMIT_0049,TELECALLING,CR_003_AMIT,CT__AMIT,BPTP,RPC,,,,2026-03-21T17:56:00,0,,ADR_3_00,,,
DRN_RJUN_0010,FIELD,CR_007_ARJUN,CT_ARJUN,NOT_PRESENT,NC,,,,2026-03-21T18:11:00,0,,ADR_7_00,1.0,17.385260840218173,78.48688898254973
DRN_AMIT_0196,AUTODIALER,CR_003_AMIT,CT__AMIT,RNR,NC,RNR Reason,Customer Disconnected,,2026-03-22T09:11:00,0,,ADR_3_00,,,
DRN_AMIT_0127,TELECALLING,CR_003_AMIT,CT__AMIT,WN,NC,,,,2026-03-22T10:53:00,0,,ADR_3_00,,,
DRN_AMIT_0125,VOICEBOT,CR_003_AMIT,CT__AMIT,HUNG_UP,NC,,,,2026-03-22T13:46:00,0,,ADR_3_00,,,
DRN_AMIT_0099,TELECALLING,CR_003_AMIT,CT__AMIT,RNR,NC,RNR Reason,Customer Disconnected,,2026-03-22T14:33:00,0,,ADR_3_00,,,
DRN_RIYA_0054,AUTODIALER,CR_002_PRIYA,CT_PRIYA,RNR,NC,RNR Reason,Customer Disconnected,,2026-03-22T16:35:00,0,,ADR_2_00,,,
DRN_AMIT_0043,AUTODIALER,CR_003_AMIT,CT__AMIT,TPC,TPC,Party Contacted,Father,Spoke to family member,2026-03-22T18:14:00,0,,ADR_3_00,,,
DRN_VITA_0121,TELECALLING,CR_008_KAVITA,CT_AVITA,DNC,RPC,Type,Temporary,Customer requested no contact,2026-03-23T13:20:00,0,,ADR_001,,,
DRN_AMIT_0007,AUTODIALER,CR_003_AMIT,CT__AMIT,TPC,TPC,Party Contacted,Father,Spoke to family member,2026-03-23T16:07:00,0,,ADR_3_00,,,
DRN_RIYA_0117,TELECALLING,CR_002_PRIYA,CT_PRIYA,TPC,TPC,Party Contacted,Spouse,Spoke to family member,2026-03-23T16:14:00,0,,ADR_2_00,,,
DRN_AMIT_0010,AUTODIALER,CR_003_AMIT,CT__AMIT,TPC,TPC,Party Contacted,Mother,Spoke to family member,2026-03-23T16:51:00,0,,ADR_3_00,,,
DRN_RIYA_0053,TELECALLING,CR_002_PRIYA,CT_PRIYA,WN,NC,,,,2026-03-24T14:18:00,0,,ADR_2_00,,,
DRN_AMIT_0071,AUTODIALER,CR_003_AMIT,CT__AMIT,WN,NC,,,,2026-03-24T19:56:00,0,,ADR_3_00,,,
DRN_AMIT_0014,AUTODIALER,CR_003_AMIT,CT__AMIT,PTP,RPC,Payment Mode,Casa Debit,Customer travelling,2026-03-25T09:33:00,0,2026-03-27T00:00:00,ADR_3_00,,,
DRN_RIYA_0084,TELECALLING,CR_002_PRIYA,CT_PRIYA,RNR,NC,RNR Reason,No Answer,,2026-03-25T12:15:00,0,,ADR_2_00,,,
DRN_EERA_0009,TELECALLING,CR_006_MEERA,CT_MEERA,UTP,RPC,UTP Reason,Medical Issue,,2026-03-25T13:06:00,0,,ADR_6_00,,,
DRN_RIYA_0051,FIELD,CR_002_PRIYA,CT_PRIYA,PTP,RPC,Payment Mode,Online,"Spoke briefly, busy",2026-03-25T15:56:00,0,2026-03-29T00:00:00,ADR_2_00,1.0,19.07563866625789,72.87734301411807
DRN_VITA_0057,FIELD,CR_008_KAVITA,CT_AVITA,NOT_PRESENT,NC,,,,2026-03-25T16:45:00,0,,ADR_8_00,1.0,22.57197186036211,88.3632628786826
DRN_RIYA_0186,FIELD,CR_002_PRIYA,CT_PRIYA,PARTIAL_PAID,RPC,,,Customer paid partial amount,2026-03-25T19:35:00,0,,ADR_2_00,1.0,19.076331130486988,72.87706653655249
DRN_AMIT_0029,TELECALLING,CR_003_AMIT,CT__AMIT,HUNG_UP,NC,,,,2026-03-26T10:33:00,0,,ADR_3_00,,,
DRN_AMIT_0022,AUTODIALER,CR_003_AMIT,CT__AMIT,NC,NC,NC Reason,Not Reachable,,2026-03-26T11:34:00,0,,ADR_3_00,,,
DRN_AMIT_0119,AUTODIALER,CR_003_AMIT,CT__AMIT,UTP,RPC,UTP Reason,Unexpected Family Expense,,2026-03-26T11:44:00,0,,ADR_3_00,,,
DRN_RIYA_0093,AUTODIALER,CR_002_PRIYA,CT_PRIYA,TPC,TPC,Party Contacted,Mother,Spoke to family member,2026-03-26T13:47:00,0,,ADR_2_00,,,
DRN_RIYA_0046,AUTODIALER,CR_002_PRIYA,CT_PRIYA,NC,NC,NC Reason,Number busy,,2026-03-26T17:16:00,0,,ADR_2_00,,,
DRN_RIYA_0121,AUTODIALER,CR_002_PRIYA,CT_PRIYA,HUNG_UP,NC,,,,2026-03-26T18:41:00,0,,ADR_2_00,,,
DRN_RIYA_0021,AUTODIALER,CR_002_PRIYA,CT_PRIYA,NC,NC,NC Reason,Out of Service,,2026-03-27T09:51:00,0,,ADR_2_00,,,
DRN_AMIT_0144,FIELD,CR_003_AMIT,CT__AMIT,ANF,NC,,,,2026-03-27T12:36:00,0,,ADR_3_00,1.0,18.519996920667282,73.85768862314967
DRN_RIYA_0065,AUTODIALER,CR_002_PRIYA,CT_PRIYA,WN,NC,,,,2026-03-27T13:20:00,0,,ADR_2_00,,,
DRN_RIYA_0082,TELECALLING,CR_002_PRIYA,CT_PRIYA,CB,RPC,,,Will call back,2026-03-27T16:11:00,0,,ADR_2_00,,,
DRN_AMIT_0169,FIELD,CR_003_AMIT,CT__AMIT,PTP,RPC,Payment Mode,Online,Customer travelling,2026-03-27T16:24:00,0,2026-03-31T00:00:00,ADR_3_00,1.0,18.525355326688636,73.85430517517311
DRN_RIYA_0153,TELECALLING,CR_002_PRIYA,CT_PRIYA,FPTP,RPC,Payment Mode,Online,,2026-03-27T19:10:00,0,2026-04-25T00:00:00,ADR_2_00,,,
DRN_RIYA_0020,AUTODIALER,CR_002_PRIYA,CT_PRIYA,RNR,NC,RNR Reason,Customer Disconnected,,2026-03-27T19:52:00,0,,ADR_2_00,,,
DRN_RIYA_0154,FIELD,CR_002_PRIYA,CT_PRIYA,ANF,NC,,,,2026-03-28T09:24:00,0,,ADR_2_00,1.0,19.076788988838413,72.87735610715417
DRN_RIYA_0110,AUTODIALER,CR_002_PRIYA,CT_PRIYA,WN,NC,,,,2026-03-28T11:16:00,0,,ADR_2_00,,,
DRN_VITA_0013,FIELD,CR_008_KAVITA,CT_AVITA,UTP,RPC,UTP Reason,Medical Issue,"Door was locked, neighbours unaware",2026-03-28T16:17:00,0,,ADR_8_00,1.0,22.573138231967793,88.36747550173135
DRN_RIYA_0032,AUTODIALER,CR_002_PRIYA,CT_PRIYA,NC,NC,NC Reason,Out of Service,,2026-03-29T15:05:00,0,,ADR_2_00,,,
DRN_RIYA_0163,TELECALLING,CR_002_PRIYA,CT_PRIYA,TPC,TPC,Party Contacted,Mother,Spoke to family member,2026-03-29T19:57:00,0,,ADR_2_00,,,
DRN_KRAM_0071,TELECALLING,CR_005_VIKRAM,CT_IKRAM,WN,NC,,,,2026-03-30T10:25:00,0,,ADR_5_00,,,
DRN_AMIT_0083,FIELD,CR_003_AMIT,CT__AMIT,UTP,RPC,UTP Reason,Unexpected Family Expense,Will pay after salary,2026-03-30T12:21:00,0,,ADR_3_00,1.0,18.519409186651348,73.85729347236033
DRN_RIYA_0105,AUTODIALER,CR_002_PRIYA,CT_PRIYA,WN,NC,,,,2026-03-30T15:06:00,0,,ADR_2_00,,,
DRN_AMIT_0056,AUTODIALER,CR_003_AMIT,CT__AMIT,BPTP,RPC,,,,2026-03-30T18:04:00,0,,ADR_3_00,,,
DRN_RIYA_0083,AUTODIALER,CR_002_PRIYA,CT_PRIYA,TPC,TPC,Party Contacted,Mother,Spoke to family member,2026-03-31T13:18:00,0,,ADR_2_00,,,
DRN_RIYA_0141,TELECALLING,CR_002_PRIYA,CT_PRIYA,LB,RPC,,,,2026-03-31T17:50:00,0,,ADR_2_00,,,
DRN_RIYA_0070,TELECALLING,CR_002_PRIYA,CT_PRIYA,RNR,NC,RNR Reason,Customer Disconnected,,2026-04-01T09:13:00,0,,ADR_2_00,,,
DRN_AMIT_0079,AUTODIALER,CR_003_AMIT,CT__AMIT,PTP,RPC,Payment Mode,Casa Debit,"Door was locked, neighbours unaware",2026-04-01T09:43:00,0,2026-04-07T00:00:00,ADR_3_00,,,
DRN_AMIT_0074,FIELD,CR_003_AMIT,CT__AMIT,PARTIAL_PAID,RPC,,,Customer paid partial amount,2026-04-01T17:19:00,0,,ADR_3_00,1.0,18.519470781517285,73.85738092427167
DRN_AMIT_0153,FIELD,CR_003_AMIT,CT__AMIT,OS,NC,,,,2026-04-02T09:12:00,0,,ADR_3_00,1.0,18.519430414242514,73.85623800763292
DRN_RIYA_0074,AUTODIALER,CR_002_PRIYA,CT_PRIYA,WN,NC,,,,2026-04-03T10:03:00,0,,ADR_2_00,,,
DRN_AMIT_0185,AUTODIALER,CR_003_AMIT,CT__AMIT,NC,NC,NC Reason,Auto Disconnect,,2026-04-03T16:11:00,0,,ADR_3_00,,,
DRN_RIYA_0197,VOICEBOT,CR_002_PRIYA,CT_PRIYA,WN,NC,,,,2026-04-03T17:05:00,0,,ADR_2_00,,,
DRN_AMIT_0124,AUTODIALER,CR_003_AMIT,CT__AMIT,WN,NC,,,,2026-04-03T18:49:00,0,,ADR_3_00,,,
DRN_AMIT_0066,AUTODIALER,CR_003_AMIT,CT__AMIT,TPC,TPC,Party Contacted,Brother,Spoke to family member,2026-04-03T18:57:00,0,,ADR_3_00,,,
DRN_AMIT_0150,FIELD,CR_003_AMIT,CT__AMIT,NOT_PRESENT,NC,,,,2026-04-04T09:57:00,0,,ADR_3_00,1.0,18.520796847756277,73.85715700867505
DRN_RIYA_0112,AUTODIALER,CR_002_PRIYA,CT_PRIYA,RTP,RPC,,,Refused to pay,2026-04-04T11:50:00,0,,ADR_2_00,,,
DRN_RIYA_0101,FIELD,CR_002_PRIYA,CT_PRIYA,NOT_PRESENT,NC,,,,2026-04-04T12:02:00,0,,ADR_2_00,1.0,19.075718415336656,72.87699893428456
DRN_RIYA_0015,FIELD,CR_002_PRIYA,CT_PRIYA,PARTIAL_PAID,RPC,,,Customer paid partial amount,2026-04-04T13:50:00,0,,ADR_2_00,1.0,19.07589670439962,72.87726219398033
DRN_AMIT_0038,TELECALLING,CR_003_AMIT,CT__AMIT,WN,NC,,,,2026-04-04T13:50:00,0,,ADR_3_00,,,
DRN_AMIT_0001,TELECALLING,CR_003_AMIT,CT__AMIT,PTP,RPC,Payment Mode,Casa Debit,Mother said son not home,2026-04-04T15:07:00,0,2026-04-08T00:00:00,ADR_3_00,,,
DRN_EERA_0016,TELECALLING,CR_006_MEERA,CT_MEERA,DNC,RPC,Type,Temporary,Customer requested no contact,2026-04-04T15:32:00,0,2026-05-15T00:00:00,ADR_001,,,
DRN_RIYA_0149,AUTODIALER,CR_002_PRIYA,CT_PRIYA,WN,NC,,,,2026-04-04T16:02:00,0,,ADR_2_00,,,
DRN_RIYA_0014,TELECALLING,CR_002_PRIYA,CT_PRIYA,RNR,NC,RNR Reason,Customer Disconnected,,2026-04-04T17:57:00,0,,ADR_2_00,,,
DRN_AMIT_0027,TELECALLING,CR_003_AMIT,CT__AMIT,FPTP,RPC,Payment Mode,Online,,2026-04-04T19:02:00,0,2026-04-25T00:00:00,ADR_3_00,,,
DRN_JESH_0002,VOICEBOT,CR_001_RAJESH,CT_AJESH,PTP,RPC,Payment Mode,Casa Debit,"Door was locked, neighbours unaware",2026-04-04T19:11:00,0,2026-04-06T00:00:00,ADR_1_00,,,
DRN_RIYA_0009,FIELD,CR_002_PRIYA,CT_PRIYA,NOT_PRESENT,NC,,,,2026-04-05T11:03:00,0,,ADR_2_00,1.0,19.07551872959054,72.87753802510551
DRN_AMIT_0131,AUTODIALER,CR_003_AMIT,CT__AMIT,NC,NC,NC Reason,Number busy,,2026-04-05T14:20:00,0,,ADR_3_00,,,
DRN_RIYA_0199,AUTODIALER,CR_002_PRIYA,CT_PRIYA,HUNG_UP,NC,,,,2026-04-05T15:49:00,0,,ADR_2_00,,,
DRN_RIYA_0177,AUTODIALER,CR_002_PRIYA,CT_PRIYA,PTP,RPC,Payment Mode,Casa Debit,"Door was locked, neighbours unaware",2026-04-05T18:03:00,0,2026-04-12T00:00:00,ADR_2_00,,,
DRN_KRAM_0167,TELECALLING,CR_005_VIKRAM,CT_IKRAM,TPC,TPC,Party Contacted,Spouse,Spoke to family member,2026-04-06T09:58:00,0,,ADR_5_01,,,
DRN_RIYA_0172,TELECALLING,CR_002_PRIYA,CT_PRIYA,NC,NC,NC Reason,Out of Service,,2026-04-06T10:32:00,0,,ADR_2_00,,,
DRN_AMIT_0115,TELECALLING,CR_003_AMIT,CT__AMIT,RNR,NC,RNR Reason,Customer Disconnected,,2026-04-06T15:14:00,0,,ADR_3_00,,,
DRN_RIYA_0031,AUTODIALER,CR_002_PRIYA,CT_PRIYA,HUNG_UP,NC,,,,2026-04-06T17:20:00,0,,ADR_2_00,,,
DRN_RIYA_0011,TELECALLING,CR_002_PRIYA,CT_PRIYA,WN,NC,,,,2026-04-06T18:46:00,0,,ADR_2_00,,,
DRN_OOJA_0002,AUTODIALER,CR_010_POOJA,CT_POOJA,TPC,TPC,Party Contacted,Brother,Spoke to family member,2026-04-06T19:50:00,0,,ADR_10_00,,,
DRN_RIYA_0126,AUTODIALER,CR_002_PRIYA,CT_PRIYA,PTP,RPC,Payment Mode,Casa Debit,Customer travelling,2026-04-07T09:17:00,0,2026-04-14T00:00:00,ADR_2_00,,,
DRN_AMIT_0081,TELECALLING,CR_003_AMIT,CT__AMIT,RNR,NC,RNR Reason,No Answer,,2026-04-07T11:22:00,0,,ADR_3_00,,,
DRN_RIYA_0128,AUTODIALER,CR_002_PRIYA,CT_PRIYA,DOUBTFUL,RPC,,,Did not give straight answer on payment date,2026-04-08T12:56:00,0,,ADR_2_00,,,
DRN_RIYA_0098,VOICEBOT,CR_002_PRIYA,CT_PRIYA,DOUBTFUL,RPC,,,"Behaviour seems different from last visit, not committing",2026-04-08T13:08:00,0,,ADR_2_00,,,
DRN_RIYA_0160,AUTODIALER,CR_002_PRIYA,CT_PRIYA,RNR,NC,RNR Reason,No Answer,,2026-04-08T14:42:00,0,,ADR_2_00,,,
DRN_KRAM_0034,VOICEBOT,CR_005_VIKRAM,CT_IKRAM,LB,RPC,,,,2026-04-08T15:49:00,0,,ADR_5_01,,,
DRN_RIYA_0170,TELECALLING,CR_002_PRIYA,CT_PRIYA,HUNG_UP,NC,,,,2026-04-08T16:44:00,0,,ADR_2_00,,,
DRN_RIYA_0096,AUTODIALER,CR_002_PRIYA,CT_PRIYA,RTP,RPC,,,Refused to pay,2026-04-09T10:36:00,0,,ADR_2_00,,,
DRN_AMIT_0008,VOICEBOT,CR_003_AMIT,CT__AMIT,BPTP,RPC,,,,2026-04-10T10:16:00,0,,ADR_3_00,,,
DRN_RIYA_0085,AUTODIALER,CR_002_PRIYA,CT_PRIYA,WN,NC,,,,2026-04-10T13:15:00,0,,ADR_2_00,,,
DRN_AMIT_0190,AUTODIALER,CR_003_AMIT,CT__AMIT,TPC,TPC,Party Contacted,Spouse,Spoke to family member,2026-04-10T15:02:00,0,,ADR_3_00,,,
DRN_AMIT_0098,VOICEBOT,CR_003_AMIT,CT__AMIT,NC,NC,NC Reason,Out of Service,,2026-04-10T18:42:00,0,,ADR_3_00,,,
DRN_OOJA_0018,AUTODIALER,CR_010_POOJA,CT_POOJA,LB,RPC,,,,2026-04-11T12:59:00,0,,ADR_10_00,,,
DRN_AMIT_0054,AUTODIALER,CR_003_AMIT,CT__AMIT,NC,NC,NC Reason,Number busy,,2026-04-11T17:31:00,0,,ADR_3_00,,,
DRN_AMIT_0090,AUTODIALER,CR_003_AMIT,CT__AMIT,TPC,TPC,Party Contacted,Brother,Spoke to family member,2026-04-11T18:20:00,0,,ADR_3_00,,,
DRN_RIYA_0151,AUTODIALER,CR_002_PRIYA,CT_PRIYA,WN,NC,,,,2026-04-11T18:37:00,0,,ADR_2_00,,,
DRN_AMIT_0157,FIELD,CR_003_AMIT,CT__AMIT,OS,NC,,,,2026-04-11T19:07:00,0,,ADR_3_00,1.0,18.521382024464618,73.85735111144183
DRN_RIYA_0169,TELECALLING,CR_002_PRIYA,CT_PRIYA,RNR,NC,RNR Reason,Customer Disconnected,,2026-04-12T12:31:00,0,,ADR_2_00,,,
DRN_RIYA_0108,AUTODIALER,CR_002_PRIYA,CT_PRIYA,LB,RPC,,,,2026-04-12T16:18:00,0,,ADR_2_00,,,
DRN_RIYA_0135,AUTODIALER,CR_002_PRIYA,CT_PRIYA,HUNG_UP,NC,,,,2026-04-13T15:16:00,0,,ADR_2_00,,,
DRN_AMIT_0181,AUTODIALER,CR_003_AMIT,CT__AMIT,TPC,TPC,Party Contacted,Father,Spoke to family member,2026-04-13T18:09:00,0,,ADR_3_00,,,
DRN_AMIT_0032,FIELD,CR_003_AMIT,CT__AMIT,DL,NC,,,,2026-04-13T18:14:00,0,,ADR_3_00,1.0,18.52107949444732,73.85691990520797
DRN_KRAM_0029,AUTODIALER,CR_005_VIKRAM,CT_IKRAM,CB,RPC,,,Will call back,2026-04-13T19:34:00,0,,ADR_5_00,,,
DRN_RIYA_0107,AUTODIALER,CR_002_PRIYA,CT_PRIYA,WN,NC,,,,2026-04-13T19:50:00,0,,ADR_2_00,,,
DRN_AMIT_0031,AUTODIALER,CR_003_AMIT,CT__AMIT,RNR,NC,RNR Reason,Customer Disconnected,,2026-04-14T10:32:00,0,,ADR_3_00,,,
DRN_AMIT_0108,FIELD,CR_003_AMIT,CT__AMIT,NOT_PRESENT,NC,,,,2026-04-14T11:23:00,0,,ADR_3_00,1.0,18.521235009779456,73.85744154896072
DRN_RIYA_0012,TELECALLING,CR_002_PRIYA,CT_PRIYA,PTP,RPC,Payment Mode,Online,No commitment given,2026-04-14T12:17:00,0,2026-04-20T00:00:00,ADR_2_00,,,
DRN_RIYA_0016,FIELD,CR_002_PRIYA,CT_PRIYA,NOT_PRESENT,NC,,,,2026-04-14T15:56:00,0,,ADR_2_00,1.0,19.075439175661604,72.87860500825784
DRN_AMIT_0041,AUTODIALER,CR_003_AMIT,CT__AMIT,HUNG_UP,NC,,,,2026-04-15T13:22:00,0,,ADR_3_00,,,
DRN_AMIT_0102,AUTODIALER,CR_003_AMIT,CT__AMIT,NC,NC,NC Reason,Number busy,,2026-04-15T13:41:00,0,,ADR_3_00,,,
DRN_AMIT_0086,FIELD,CR_003_AMIT,CT__AMIT,ANF,NC,,,,2026-04-15T17:04:00,0,,ADR_3_00,1.0,18.520538371323987,73.85627901148749
DRN_AMIT_0088,TELECALLING,CR_003_AMIT,CT__AMIT,HUNG_UP,NC,,,,2026-04-16T09:22:00,0,,ADR_3_00,,,
DRN_RIYA_0142,TELECALLING,CR_002_PRIYA,CT_PRIYA,RTP,RPC,,,Refused to pay,2026-04-16T10:27:00,0,,ADR_2_00,,,
DRN_RIYA_0089,TELECALLING,CR_002_PRIYA,CT_PRIYA,HUNG_UP,NC,,,,2026-04-16T14:09:00,0,,ADR_2_00,,,
DRN_AMIT_0165,AUTODIALER,CR_003_AMIT,CT__AMIT,NC,NC,NC Reason,Out of Service,,2026-04-16T15:18:00,0,,ADR_3_00,,,
DRN_RIYA_0159,AUTODIALER,CR_002_PRIYA,CT_PRIYA,WN,NC,,,,2026-04-16T16:13:00,0,,ADR_2_00,,,
DRN_RIYA_0166,TELECALLING,CR_002_PRIYA,CT_PRIYA,HUNG_UP,NC,,,,2026-04-17T11:13:00,0,,ADR_2_00,,,
DRN_AMIT_0103,AUTODIALER,CR_003_AMIT,CT__AMIT,WN,NC,,,,2026-04-17T12:34:00,0,,ADR_3_00,,,
DRN_RIYA_0138,AUTODIALER,CR_002_PRIYA,CT_PRIYA,NC,NC,NC Reason,Auto Disconnect,,2026-04-17T13:10:00,0,,ADR_2_00,,,
DRN_AMIT_0047,AUTODIALER,CR_003_AMIT,CT__AMIT,TPC,TPC,Party Contacted,Father,Spoke to family member,2026-04-17T16:25:00,0,,ADR_3_00,,,
DRN_RIYA_0044,TELECALLING,CR_002_PRIYA,CT_PRIYA,HUNG_UP,NC,,,,2026-04-17T16:29:00,0,,ADR_2_00,,,
DRN_RIYA_0006,FIELD,CR_002_PRIYA,CT_PRIYA,DL,NC,,,,2026-04-18T11:37:00,0,,ADR_2_00,1.0,19.075340007319944,72.8769540767346
DRN_AMIT_0139,VOICEBOT,CR_003_AMIT,CT__AMIT,RNR,NC,RNR Reason,No Answer,,2026-04-18T13:38:00,0,,ADR_3_00,,,
DRN_AMIT_0158,FIELD,CR_003_AMIT,CT__AMIT,OS,NC,,,,2026-04-18T18:00:00,0,,ADR_3_00,1.0,18.520497896496472,73.85633123238766
DRN_AMIT_0044,FIELD,CR_003_AMIT,CT__AMIT,PTP,RPC,Payment Mode,Online,Mother said son not home,2026-04-18T18:57:00,0,2026-04-20T00:00:00,ADR_3_00,1.0,18.52462977184207,73.86191044577963
DRN_AMIT_0179,AUTODIALER,CR_003_AMIT,CT__AMIT,UTP,RPC,UTP Reason,Loss of income,,2026-04-18T19:03:00,0,,ADR_3_00,,,
DRN_RIYA_0034,AUTODIALER,CR_002_PRIYA,CT_PRIYA,HUNG_UP,NC,,,,2026-04-18T19:14:00,0,,ADR_2_00,,,
DRN_RIYA_0035,TELECALLING,CR_002_PRIYA,CT_PRIYA,WN,NC,,,,2026-04-19T14:46:00,0,,ADR_2_00,,,
DRN_AMIT_0176,TELECALLING,CR_003_AMIT,CT__AMIT,DOUBTFUL,RPC,,,"Avoided discussing the loan amount, kept changing topic",2026-04-20T09:52:00,0,,ADR_3_00,,,
DRN_KRAM_0036,FIELD,CR_005_VIKRAM,CT_IKRAM,DL,NC,,,,2026-04-20T10:54:00,0,,ADR_5_00,1.0,13.083478041803433,80.27076836579612
DRN_RIYA_0041,FIELD,CR_002_PRIYA,CT_PRIYA,ANF,NC,,,,2026-04-20T19:18:00,0,,ADR_2_00,1.0,19.076691062500814,72.87685347974717
DRN_RIYA_0106,AUTODIALER,CR_002_PRIYA,CT_PRIYA,TPC,TPC,Party Contacted,Mother,Spoke to family member,2026-04-21T09:40:00,0,,ADR_2_00,,,
DRN_RIYA_0092,AUTODIALER,CR_002_PRIYA,CT_PRIYA,NC,NC,NC Reason,Number busy,,2026-04-21T15:44:00,0,,ADR_2_00,,,
DRN_AMIT_0174,AUTODIALER,CR_003_AMIT,CT__AMIT,RNR,NC,RNR Reason,Customer Disconnected,,2026-04-21T17:02:00,0,,ADR_3_00,,,
DRN_RIYA_0125,AUTODIALER,CR_002_PRIYA,CT_PRIYA,PTP,RPC,Payment Mode,Casa Debit,Will call back,2026-04-21T19:28:00,0,2026-04-26T00:00:00,ADR_2_00,,,
DRN_RIYA_0030,AUTODIALER,CR_002_PRIYA,CT_PRIYA,HUNG_UP,NC,,,,2026-04-22T09:29:00,0,,ADR_2_00,,,
DRN_AMIT_0130,VOICEBOT,CR_003_AMIT,CT__AMIT,HUNG_UP,NC,,,,2026-04-22T11:00:00,0,,ADR_3_00,,,
DRN_AMIT_0036,FIELD,CR_003_AMIT,CT__AMIT,PARTIAL_PAID,RPC,,,Customer paid partial amount,2026-04-22T14:47:00,0,,ADR_3_00,1.0,18.520409186813104,73.85689104572893
DRN_AMIT_0092,AUTODIALER,CR_003_AMIT,CT__AMIT,RNR,NC,RNR Reason,Customer Disconnected,,2026-04-22T15:31:00,0,,ADR_3_00,,,
DRN_RIYA_0158,AUTODIALER,CR_002_PRIYA,CT_PRIYA,TPC,TPC,Party Contacted,Brother,Spoke to family member,2026-04-22T18:16:00,0,,ADR_2_00,,,
DRN_AMIT_0147,FIELD,CR_003_AMIT,CT__AMIT,ANF,NC,,,,2026-04-23T13:43:00,0,,ADR_3_00,1.0,18.5202696170727,73.85597959749096
DRN_RIYA_0025,AUTODIALER,CR_002_PRIYA,CT_PRIYA,RNR,NC,RNR Reason,Customer Disconnected,,2026-04-23T16:32:00,0,,ADR_2_00,,,
DRN_AMIT_0058,AUTODIALER,CR_003_AMIT,CT__AMIT,RNR,NC,RNR Reason,No Answer,,2026-04-24T14:00:00,0,,ADR_3_00,,,
DRN_RIYA_0090,AUTODIALER,CR_002_PRIYA,CT_PRIYA,BPTP,RPC,,,,2026-04-24T15:43:00,0,,ADR_2_00,,,
DRN_RIYA_0038,AUTODIALER,CR_002_PRIYA,CT_PRIYA,WN,NC,,,,2026-04-24T17:03:00,0,,ADR_2_00,,,
DRN_OOJA_0046,AUTODIALER,CR_010_POOJA,CT_POOJA,WN,NC,,,,2026-04-24T17:04:00,0,,ADR_10_00,,,
DRN_AMIT_0087,AUTODIALER,CR_003_AMIT,CT__AMIT,HUNG_UP,NC,,,,2026-04-24T18:16:00,0,,ADR_3_00,,,
DRN_RIYA_0013,FIELD,CR_002_PRIYA,CT_PRIYA,DL,NC,,,,2026-04-24T18:32:00,0,,ADR_2_00,1.0,19.075651227274726,72.87864672050335
DRN_AMIT_0111,VOICEBOT,CR_003_AMIT,CT__AMIT,WN,NC,,,,2026-04-25T09:53:00,0,,ADR_3_00,,,
DRN_RIYA_0131,AUTODIALER,CR_002_PRIYA,CT_PRIYA,PTP,RPC,Payment Mode,Online,Customer not responsive,2026-04-25T11:44:00,0,2026-04-27T00:00:00,ADR_2_00,,,
DRN_AMIT_0095,FIELD,CR_003_AMIT,CT__AMIT,DL,NC,,,,2026-04-25T14:04:00,0,,ADR_3_00,1.0,18.520429243897063,73.85654241615073
DRN_RIYA_0134,VOICEBOT,CR_002_PRIYA,CT_PRIYA,HUNG_UP,NC,,,,2026-04-25T16:06:00,0,,ADR_2_00,,,
DRN_AMIT_0120,VOICEBOT,CR_003_AMIT,CT__AMIT,WN,NC,,,,2026-04-25T19:36:00,0,,ADR_3_00,,,
DRN_RIYA_0071,VOICEBOT,CR_002_PRIYA,CT_PRIYA,PTP,RPC,Payment Mode,Casa Debit,Customer travelling,2026-04-26T10:05:00,0,2026-05-01T00:00:00,ADR_2_00,,,
DRN_AMIT_0148,FIELD,CR_003_AMIT,CT__AMIT,OS,NC,,,,2026-04-26T11:29:00,0,,ADR_3_00,1.0,18.5204052592566,73.85640335360017
DRN_RIYA_0123,AUTODIALER,CR_002_PRIYA,CT_PRIYA,PTP,RPC,Payment Mode,Online,Asked for time,2026-04-26T15:12:00,0,2026-05-02T00:00:00,ADR_2_00,,,
DRN_KRAM_0021,TELECALLING,CR_005_VIKRAM,CT_IKRAM,NC,NC,NC Reason,Not Reachable,,2026-04-26T18:35:00,0,,ADR_5_01,,,
DRN_RIYA_0052,FIELD,CR_002_PRIYA,CT_PRIYA,DL,NC,,,,2026-04-26T19:55:00,0,,ADR_2_00,1.0,19.075901720845923,72.87820533601848
DRN_AMIT_0020,AUTODIALER,CR_003_AMIT,CT__AMIT,PTP,RPC,Payment Mode,Online,Customer not responsive,2026-04-27T10:59:00,0,2026-05-03T00:00:00,ADR_3_00,,,
DRN_AMIT_0129,AUTODIALER,CR_003_AMIT,CT__AMIT,PTP,RPC,Payment Mode,Online,No commitment given,2026-04-27T12:46:00,0,2026-05-03T00:00:00,ADR_3_00,,,
DRN_AMIT_0168,TELECALLING,CR_003_AMIT,CT__AMIT,PTP,RPC,Payment Mode,Casa Debit,"Spoke briefly, busy",2026-04-27T13:15:00,0,2026-05-04T00:00:00,ADR_3_00,,,
DRN_RIYA_0136,AUTODIALER,CR_002_PRIYA,CT_PRIYA,HUNG_UP,NC,,,,2026-04-27T14:49:00,0,,ADR_2_00,,,
DRN_AMIT_0135,AUTODIALER,CR_003_AMIT,CT__AMIT,FPTP,RPC,Payment Mode,Online,,2026-04-27T17:43:00,0,2026-05-15T00:00:00,ADR_3_00,,,
DRN_AMIT_0142,AUTODIALER,CR_003_AMIT,CT__AMIT,HUNG_UP,NC,,,,2026-04-28T09:14:00,0,,ADR_3_00,,,
DRN_AMIT_0186,VOICEBOT,CR_003_AMIT,CT__AMIT,HUNG_UP,NC,,,,2026-04-28T12:34:00,0,,ADR_3_00,,,
DRN_AMIT_0138,TELECALLING,CR_003_AMIT,CT__AMIT,CB,RPC,,,Will call back,2026-04-28T15:48:00,0,,ADR_3_00,,,
DRN_RIYA_0150,AUTODIALER,CR_002_PRIYA,CT_PRIYA,HUNG_UP,NC,,,,2026-04-28T16:01:00,0,,ADR_2_00,,,
DRN_RIYA_0188,FIELD,CR_002_PRIYA,CT_PRIYA,OS,NC,,,,2026-04-28T18:03:00,0,,ADR_2_00,1.0,19.07691539840193,72.87836983046363
DRN_AMIT_0030,AUTODIALER,CR_003_AMIT,CT__AMIT,HUNG_UP,NC,,,,2026-04-28T19:10:00,0,,ADR_3_00,,,
DRN_VITA_0035,AUTODIALER,CR_008_KAVITA,CT_AVITA,RNR,NC,RNR Reason,Customer Disconnected,,2026-04-28T19:33:00,0,,ADR_8_00,,,
DRN_AMIT_0167,TELECALLING,CR_003_AMIT,CT__AMIT,TPC,TPC,Party Contacted,Brother,Spoke to family member,2026-04-29T15:16:00,0,,ADR_3_00,,,
